User @,Comment Text
farlaclinic_dr.farrah,Makasih kakak sdh ke Farla ğŸ¥°ğŸ˜
catettttt,ini ya kalo mau pd mau tanya2 ğŸ‘†ğŸ»
natalia_nau,mau banget
mocaii,bukaaaa dibanyuwangi jawa timur kak @farlaclinic_dr.farrah
natalia_nau,"treatment apa namanya kak,di bekasi ada gak"
hividaaa,dia realistis . mau cantik butuh duit banyak.
mutttttttttt19,"dia selalu blg ""gue cantik krn usaha bkn dr lahir"" gentleman bgt ini cewe emang â¤"
withyouismydream,"keren si dia, jujur bangetğŸ˜‚"
hividaaa,"NAH , untungnya juga pegang prinsip ini dr dulu."
ella01_ely,@haechansksksk @sumiyati2098
wearshineid,@malikuuyyy ğŸ˜Œ
siapaya1808,"bukti cwe kalo dirinya merasa berkualitas ya begini, NGELUNJAKğŸ˜‚"
n0tyoursanymore,loh
thisme440,"ini mah bukan ngelunjak anjir, dia appreciate diri dia sendiri"
almaalagiii,gue harus kerja kek gimana lagi biar bisa treatment kek Lo ğŸ˜Œ
ssindirela,"gua kerja keras malah tipes, duit bukan abis buat perawatan tp buat berobatğŸ˜­"
yoursuplemen,daftar BPJS dan asuransi sisğŸ˜…
almaalagiii,hahahah yg kuat kuat sister ğŸ¤’
almaalagiii,BPJS nya untuk tipes ğŸ˜…
aquapocalypse,"Daftar asuransi deh, gw kerja kerja kerja tipes tinggal ke RS bawa kartu ğŸ¤£ pusing dikit ke RS, mual dikit ke RSğŸ¤£"
piokxsr,@xxcdzt_ ğŸ˜­
xxcdzt_,anj
hereifly,jadi selebğŸ˜Œ
fitri1389,ğŸ˜…ğŸ˜…
zarathustra__,bertahan berapa lama bestie?
_tiiw013,"tergantung pola makan kita, dan itu ga cukup 1X karna gw pernah hifu hasilnya ya balik chubby lg karna pola makan salah. itu yg ku tau"
aml_xyx,nitip
anjanirhehn,hifu itu buat cheekbone buat pipi naik hukan buat tirus
666makhlukbumi,nitip
ella01_ely,@suka coklat
ooooooiiiooo0,kamu salah tag?
happygirls_79,6bln sampe 1 tahun
theaaby,3jam
wlldanrafniip,.
andreyya__,p
nimadedks26,"Sampe 6 bulan bs kak , awalâ€ sebulan 2x aja dah keliatan hbs itu gak ush hifu lg , sekali langsung keliataan bgt kok"
nimadedks26,Cuma ttep ya pola makan harus d jaga
gapapakanhehe0,6bulan
panggilsajashofie,nitip
aquapocalypse,Di aku cuma bertahan 2 bulan ğŸ˜‚
candlely_,nitipnitip
n.o.y.y.a.a.a,nitp
bukanrobot3,nitip
xiexie6455,sakitt ga sii
catettttt,mau cantik ga
nenong99,tengok lucinta luna tengkoraknya sampe di kikis demi slayyğŸ¥°
pibiiiw,beauty is pain ya wak
anzrp1,Soalnya ugly is painful ğŸ¥²
ucimcney,Aku perna difarlağŸ˜
askimnanaaa,wkwkwkw
shuengeng,memang beauty is pain ya
sweettiena,beauty is pain memang real ya kakğŸ˜ƒ
mangostickyras,@D ğŸ¦–
micdgrd,WKWKKW MAU MOMMY
meyyyy20,@awlatibule
suskiya,WKWKWKWKWKKW2
imsagitariuuss,@user26848949020083 @grlfrndjjk hahahah tp bener co sakit
nnatsaqiffa_,ngakak bgt
keisyhaaurelp_,WKWKWKWKKWKKWK
menggabutyekan,kenyataan @skivetea
kucynguwu,hahahaha jawabannya ğŸ˜‚ğŸ˜‚
_lustbunnie,wkwk @20fuss
lovebirdgirang,BENER ga muna ya sist kita ga doyan d hinağŸ˜‚
xoxo.gin,hahahahhaha
preciouspprincessss,ğŸ˜­ğŸ˜­jleb
ffkaleyy,@berbiesss
berbiesss,kpan dg trng mo brubahğŸ¥º
berbiesss,suka mo brubah smpe orng nda mo kenalğŸ¥º
sweetybbe,ğŸ˜­
berakbrotbrot,ğŸ¥²
gngiin,@drkmnxz ğŸ˜­
taehoona,@bellches._ singkat padat dan jelas
bellches._,ğŸ˜­ğŸ˜­
luv.elinnn,AHAHAHHA
813sthar,@krrrnnash ril bang
devileasx,@kiddie.florencerie
sashalexha,abis itu merah2 nya ilang berapa lama ya
sativcanna,Jujuuuurrr sakit bgt wkwkwkwkw ğŸ™‚ kenanya lgsg ke otot jd di anastesi jg percuma ttp ngilu
xiexie6455,perjuangan cewe ni shaayyy sakit demi cantik ğŸ˜­ gua Pgn anj nangis bgtğŸ˜­
indriatisianturi,"gue jg suka nangis klo lg treatment, soalnya gue acne, sering sakit bgt, tp demi cantik gppğŸ¥ºğŸ¥º"
bmmmmmmmlp,Gue ga sakit loh sumpah
itszshar,beauty is pain bestieee
arkebcy,sakit bestieeeeğŸ˜…
hyllarious,4/10 guyss cuma kalau kena gigi ngiluuk wkwk
tyrexz_,mood bgt komennyağŸ˜…
hollacikpoo,Hifu ga sakit sih
hazhrlzya,Beauty is pain
ribskuyzz,sakit lah sayyy beauty is pain
acheeeyy,"NGGAA GA SAKIT!!! ayo hifu sis cepet bgtt effect nya, cm anget2 doang kok paling kyk panas dikit pas ditembak sebentar"
anisa.meida,Dr farrah ini emng bagus. Dr dlu pgn kesini g kesampean krna msh kaum mendang mendingğŸ¥². Knp lbh murah dr klinik lain? Krna dy klinik milik sndri
anisa.meida,Info cust ku yg langganan perawatan di dy. Sblm dr farah buka klinik sndri dy jg praktek d klinik tmpt artis prwtn jg. Jd emg g di ragukan sih hsl nya
alisiani__,Kliniknya dimana kak
heiszou,"di jakarta pusat, coba lgsng cek ig nya aja"
sagiaa2,masalah ny duitnya gaadağŸ˜…
merrygosquare,Mari kita kerja keras biar bisa perawatanğŸ’…
diaryelvycoco,sakitt bgt ini ğŸ¥º
kepooiiiyu,serius?
diaryelvycoco,iyaaa udh pernah cbain pipi kemeng semuağŸ˜‚
kepooiiiyu,tp gaada bekasnya kan?
diaryelvycoco,ga ad bekass kok cuma sakit bgt . lebih sakit drpd disuntik meso ğŸ¥²
kepooiiiyu,blm pernah suntik meso aku ğŸ¥º tp worth it kan ini?
username.evil,hifu nih bolehnya umur brp kak
xiaomey99,wah suntik meso aj ak bs nangis krn sakit sakit banget.. kalo hifu lebih sakit dr meso ak mo cb jd takut gk brani cb.. ğŸ¥ºğŸ¥ºğŸ¥º
wiinn22,serius kak sakit hifu?
raraaiko99,ga skt kok sumpah srng hifu 1bln skaliğŸ˜‚ kan di anastesi dl 30mntan
mipanzuzuzuzuw,Cuma 1x treatment 700 udah langsung berubah ka? Atau harus berkali2?
_tiiw013,"tergantung pola makan kita, dan itu ga cukup 1X karna gw pernah hifu hasilnya ya balik chubby lg karna pola makan salah. itu yg ku tau"
sipalingbenar24,hivu tuh bikin tirus apa kenceng mukanya? kalo rahangny kuat kaya kotak bisa ga si?
aquapocalypse,Hifu itu bikin kenceng jd keliatannya tirus. Kalo rahang kotak better botox aja sekalian
sipalingbenar24,"aku pgn mukanya kenceng si kaya ketarik gt, sama ngilangin garis senyum trs mau rahang kliatan kecil gt ka"
aquapocalypse,"Kalo ngilangin garis senyum bisa botox dan filler, karena terbentuk garis kan krn otot jg"
sipalingbenar24,ada efeknya ga si bototx filler??? jangkanya BRP hari deh itu?
shinwms,"Hah murah banget, dibali 4 jt ğŸ˜³"
raraaiko99,di sby murah dek 750k botox jg 3jt 60 suntikan lg promoğŸ˜‚
xaskiabcd,permanen atau cuma bbrp bulan aja?
bungaa6901,Kagak permanen
xiao_boilingtofu,"yg namanya facial, skincare, eyelash extension, lip filler dll itu nggak awet selamanya, biasanya bbrp bln aja, kecuali oplas lol"
xaskiabcd,kan nanyağŸ˜­
xiao_boilingtofu,oh yağŸ˜­ğŸ˜­ maaf pemilihan kata2nya agak blak2 an hahaha sans
xaskiabcd,iya makasii btwwğŸ¥°
dayyenaap,Klo bsknya makan indomie 2 bungkus balik lg g chubbynya?
happygirls_79,ğŸ˜‚
noermabelle,aduh aq cobain langsung bisa kaya kakak ga yaağŸ¥ºğŸ¥º
diahnoviantoro11,fyp ku isinya kamu semuaa
callme4n4,ada buat laser bekas luka ga si kaa??
anggiku22,"aku tau dr farrah ğŸ˜ ,, bagus disitu,"
terejelly_,E bukannya wkt itu bilang di Derma pro ya?)
mounbie,masalahnya gue idup di plosok..
medddey,Itu bakal berapa lama harus treatment lagi?
raraaiko99,"diulanh ulang dek tiap blnnya krn ga permanen,klo sdh diinginkan tercapai mknnya dijaga biar ga tembem,lbh bgs lg sm botox rahang ciamik sumpahğŸ˜‚"
yahuuudddd,ihhh mau sumpah hifu biasanya 2 jt annn ğŸ¥º
yaocans,otw langsung konsul ğŸ¥°thanks ci
milkyoreofredy,"Tidak direkomendasikan bagi yang pake behel, sakitnya double2 sih parah ğŸ˜­"
iyahkahmanis__,di Jambi Bangko mana ada yang beginiğŸ˜Œ
keysnapp,ih buat jerawat treatment apa yh
lvnrputri,"peeling aja dulu,nanti laser. gua jerawatan byk bgt selama 3 bulan pdhl gapernah jerawatan grgr gacocok pake ben*ngs, skrg udh mulus bgt tp pricey"
keysnapp,kira-kira berapa tuh harganyaa? kaka peeling dmn?
lvnrputri,"lupa sih tp step nya banyak aku:( total abis 8jutaan sm laser,tp bagus bgt baru 1x laser juga udh mantul poll"
lvnrputri,"di farina,natasha"
keysnapp,"lumayan ya harganya wkwkwk, tapi makasii yaaaağŸ¥°"
ourreminder,Buat tirus
bbymutee,ini siapa? muncul terus di fyp mbknya
safa.agesti,"pernah hifu tp emang efeknya lngsung kelihatan sih , jujur kayak kesetrum rasanya nyeri bett tp bikin cantik bestie selamat mencoba.ğŸ˜Œ"
nanina.nda,tahan berapa lama yaa?
safa.agesti,harus rutin ya bestie sebulan min 2x
zefran9,mau juga anjir ğŸ˜Œ
nahtotheahtotheno,sakit bgt njiiirr.. gara2 eluu gw hifu dan pala gw mau pecah sampe 3 hari kedepan ğŸ˜­ğŸ˜­ tapi gw jadi cakepp cuuyy ğŸ˜­ğŸ˜­
aarnetaa,wkwk i love u dah ahh
ira_basyr,KAMU PANUTANKU MBAKKKKğŸ¥°
leo_0323,Otwwww
nmma_69,"aku pernah coba,bagus mmng, dan sekali treatment aja sudah bisa lihat hasilnya. Ttpi trgtung kndsi kechubby an setiap org aja, hrus bth brp kli trtmnt"
cesyachlys,ini bisa bikin yang muka merah2 gitu ga ka hasilnya?
dewisulis99,"gue ga cubby tapi tulang pipi nya nonjol bgt gitu kalo senyum , bisa ngga ya bestieee ?"
ecingcing_,dimanado blum ada :(((
vegha06,mauuu tapi jauuuhhhğŸ˜­ğŸ˜­ğŸ˜­
thidoraa,mba kmu moodboosterkuu
mtyanhr,Auto hifu bestie wkwkkw @dhededwy7 @bbeectk
ugfnightmare,Nyari gadun dmn yaampun pengenğŸ¥º
dpspppao,Sakit ga?
maknyuss,@n u r a pernahki bertanya bgmnai spya meniruskan pipi kkğŸ˜
moonbeaute.id,di bali ada gasiğŸ¥º
arrrrrra4,sejujurnya gw gada duit kaaa
tr4shbiya,penasaran sm softlens nyaa apaa
notyoursugarbooh,Vt mu penyemangatku mencari uang â¤ï¸
shanjzmne,"BENTAR, BELOM KERJAğŸ˜­ğŸ˜¡"
afrianiika_,Gue sering hifu 2 minggu doang tirusnya
xxf.12,bikin merahh mukaa ga
jar.uuu,Jujur farla bagus
caylaoursulla,Di bali uda ada belum sih? pen nyoba @bradaboyy ğŸ˜Œ
bradaboyy,"cobaa,pake uang sndri tapiğŸ˜"
merrygosquare,Perawatan buat kerutan di daerah mata apa ya girls? Ada saran gaa
luthien.lee,gw kalo perawatan itu kok pake penutup mata ya
tika03.2,bangus banget hasil nya ğŸ˜³
xxeraxe,@nvyaaa.a kek bu rani gasi suara sm gerak geriknya klo ngomong ğŸ˜­ğŸ˜­
asyasyaraa,Lebih bagus hifu/ambil lemak pipi??
adindnthnia,anjir jauh banget kesana
yippyskin_official,Duh bestieee tertarikkk deh ğŸ¥°ğŸ¥°
cutbalance.id,itu treatment nya apa sist?
micaaaa4,@fid____._ pengen woiğŸ˜­
fdyslsa,itu di apain woi kegunaan nya buat apaan??
micaaaa4,nirusin pipi anjrit ğŸ˜­ mau lu tonton smpe abis vidionya
fdyslsa,ohh buat nirusin
fdyslsa,gih Sono lu mau mh cuan nya ada g shayy
micaaaa4,iya anjrit aaa pgn bat coy
yumezakijoee,Cantik mahal sayy
deisygrace,Bandung ada gaksi yakali gue ke JKT dulu ğŸ˜©
andrii_96_,Sama ajağŸ˜…
siclee.a,@irgiansyahh_ ini gasi [hehe]
imstarving__,Kak penghilang bopeng ambil treatment apa?ğŸ¥º
maminyagwenny_,Tp jujur sakit hehe
sangdewi_makeup,Kog jauh sih kak ada di Jatim nihğŸ˜­
laviieeeee0,"emang bagus banget sih katanya treatment ini , tapi aku belum coba, masih nyembuhin jerawat dulu ğŸ˜ğŸ˜"
hu._bby,@cacaaashh yuuk
ctfny._,@scndpriskyy.3 TUHH HIFU
lyzgaa,@aprilmsalam_ mauuğŸ˜­
aprilmsalam,mauuu ğŸ˜­ğŸ˜­ğŸ˜­ğŸ˜­
lyzgaa,yu ah cape bgt sm pipiğŸ˜­
prameswari_999,@janitrazain yg ini buat bapake
es.kosong,@tebakakusiapa_ ayo bestie
yllwo0,700 tuh kanan kiri?ğŸ˜­
notzukosister,hifu bertahan berapa lama kak?
caprigril81,itu bisa lifting juga ga sih kak?.
vee_arlista,@farrahraktion dr cantik ğŸ¥° ini bukan kak ?@fiftyshadesofnobaee
tariiiiiiiiiiiiiiiiiiii,@nyaaing gasss
yamiyamihf,@bckstrt aku mau gini
rismayanti910,takut sakit gak
mimeow06,Demi apa? Di semarang pas itu minim banget 2jt â˜¹ï¸kalo ada info yang lebih affordable dan ngefek di kalian please info yaa
megayasintaaa,Kaka brp kali treatment nya bisa keliatan hasilnya
growieft,pantesan kok pipinya merah
ciluyyyyy,Ada laser co2 ga kak disana
melyssalin,kok di tmpt w hifu 5jtğŸ˜³
silvypw,mau cuma gue di lampungğŸ˜­
tkarmand25,tp sayang tau kalau masih umur di bawah 40 mendingan jangan dlu..karena hifu tsb bersifat ngerusak otot atau apa gt.
imstrijdd,seriusan?
tkarmand25,dulu sih pas saya krj di klinik aesthetic ya penjelasannya seperti itu. sblm kita promosikan kita ada training dan penjelasan dlu.
not.ur.gf.type,Permanen gk kak?
praschytharan,woi mau
meyuk_,Aku yg pengen cubby (:
poyee39,Spillll soflennya kaa
kyara_azka,Hifu sakit tp nagih.. cuma emg sakitnya ampe pengen garuk tanah ğŸ˜‚
ira.fdy,"aku jg HIFU kak , hasilnya nyata ğŸ‘ tp aku di Semarang ğŸ˜…"
cilokuahserebuan,mendingan threadlift kak
heylfii,Tapi itu logonya kek athena:(
ellsattatiana,"@goalnn3m
tapi ga permanen"
naurafadya,mau kk tp jauh aku di crbnğŸ¥º
panggilcindyya,pengen @savanalia wkwk
lemme.alone.bish,KAK SUMPAH MAKASIH BANGETT YAAAA ğŸ¥º aku dari dulu gak bisa kebayang ngelakuin perawatan karena gak tau harga tapi sekarang jadi tau dan mau ğŸ˜‚
vitamiince,"mauuuuu, bener lgsg keliatan kan hasilnyaaaağŸ¥ºğŸ¥º"
didigidaw,"tapi abis itu bisa ngakak gede"" gak?"
nurokthav,sakit banget tapi aslian hasilnya bagusğŸ¥º
hidupsepertipatrick2,Apa ini bestie
dustyroseeeee,"thank u infonyaa, berkat lu, gw jadi tau clinic yg cucmeyyy wkwk"
nissyours,ini yg aku pke @yyudiputra
na.biya,Hmm duid thr w buat hifu dah
hildaelis735,mau ka
gva861,brp shoot itu?
dindachannel53,.mau donk ah
evedebora,hifu sakitt lhooo.. aku pernah coba tapi sakitt.. ğŸ˜³..
myfaaaa,Di bali ada gk yh
howboutyoub,@asdasd5430 mauuuğŸ˜³
mxxfyz_,ka klo tempat laser luka tuh di mn yah
brfm2410,Pantes dulu gue hifu ga ngefek. Cuma 200rbğŸ™ƒ
tiantihuang,"sy hifu ultraformer 3 dan 3 x kunjungan paket 10jtğŸ˜‚ğŸ˜‚, kalo 1 jtaan mah murah ya"
yessykusuma_,info di surabaya sistaaaa
yanlesta,aku butuh ngilangin lingkaran mata yg hitam gimana ka?
_inew252,@febbybukanpebi cantik tuh butuh modal ya bestieğŸ˜Œ jd aing kudu piyee nihğŸ˜…
febbybukanpebi,heh gue langsung pgn hifu... ğŸ˜‚
liltaman,Hifu pipi aja apa double chin jg? Gue butuh di double chinnyaa
4n4k_sulung,haha sy penguna hifu..perlu pengulangan ya sm krn brtahan ny ga lama tetep jaga BB nya biar ga cuby2 lgiğŸ˜
avecmoi765,sakit ngga sih?
lanadelhoneyyyyy,Sakit ga kakk??
geminibangeeet_,Kena racun kk aku dari banten langsung meluncur ke jakpus buat treatment hifuuğŸ˜‚
monukorubo,asikk dpt endorse klinik juga ka ğŸ¤£ğŸ¤£
pukunonpaw._,Langsung keliatan hasilnya anjir kerenğŸ˜­
diss.yaa,ini pgn bgttttttt @ecaelzh
treeeee5x,kagetttt sumpahh. pengennn
_greentea31_,ini di daerah mna kk
marimarkusuka,Sakit ga kaa
hellobucin_,daerah mana
bloomingrosette,Tapi ini sakit woe ğŸ¥º
audorablemich,oke thanks infonya gue otw hifu!
nindaof,Btw hifu sakit guys wkwkwk pastiin anestesinya 45menit ğŸ« 
dndreviola,buat double chin bisa ga si:')
.rossieeyy,gaada di kota aku oyğŸ˜­
giarnnanggiarni,Dokter farah emang bagus puollll
sadillaalsa,awet ga si hifu kaya gitu? gua pengen sekalian di meso
indriatisianturi,kaa hifu bisa buat yg lg acne? serius nanyak
aimeejullietteroy0506,beuggh sayang masi dinegara org aq.... kl GA uda kesini deh
nrl901,@katan28_ silahkan
siesta616,eh buat simetrisin muka bisa gağŸ˜­
raraaiko99,"sm aku jg sering hifu 1 bln skali hrgnya emang 750k di klinik lgannku, klo mau yg lbh bgs 1jtaan lbh diinjeksi jg kaget lgs,lbh ciamik botox rahang"
namiiraa_02,mau ih muka pipi gua gede sblh bisa ga wkwk
feyshahab97,Cantik sakit dan butuh uang ğŸ˜‚ğŸ˜‚ bnr gua juga gtu smpe kek blang duh mahal bngt mendang mending jangan sm gua ğŸ˜‚ğŸ˜‚ plis gua kerja buat self love
reresugiono,hifu apaan
dewirub,ya ya klo ada duit hrg segitu murah tp keadaan lg bokek beda ceritağŸ˜ğŸ˜…
adisty_12,itu permanen ga hasil nyaa?
miuki1996,gw download dlu video u ci
yens_jkt,kl hasilnya nyata harga segitu worth it sih menurut gw
_b_d_fghijklmnopqrstuvwx,double chin bisa gağŸ˜Œ
ayoitsmalivalaya,Berasa di omelin dah gua. Thank u Sizteur ğŸ¥º
kamulucuuu2,@girlgan9g0odies pengen ini ni aku te
pandorawithoutherbox,Skitt bgttttt tapi
zaskiyabalmon,ğŸ˜‚ğŸ˜‚syngnya jauh
jmaloneee,hifu jd merah2 begitu?ğŸ˜³ jd takut mau hifu karena muka gue gampang merah ğŸ˜…
nengvya_,Gw prnh kok hifu dn bagus smpe skrg gw gk sechubby jmn kuliahğŸ˜‚
sitinurbadriyah5,aku malah pengen chubbyğŸ¥º
aulia071021,GW percaya hifu emg real nyataaaa
dehaps,sakiitt tapii ğŸ¥ºğŸ¥ºğŸ¥º
tdoongijjang,dibayarin gk
angela180991,makasi kak infonya ğŸ‘
novela91,Gu jg pernah hifu dan emang se waw itu loh
sakilaaaaanandaaaa,lu msk fyp gue mlu njr
looph_i,Kalau yang ngurangin lemak atau lingkar perut gtu biar lebih kurusan bneran work gk kak? yg pke laser atau apa gtu
xxxxjonie,gini nih demen asal ceplas ceplos tpi gk nyelekitğŸ˜
wiwit.tea05,cantik bngt woi
carammellmacchiato,otw nyobaaa
annadeevabella23,"Aku malah jadi bopeng pake treatment hifu, tapi bukan di klinik ini ya. Di klinik di bandung ğŸ˜¢"
lrgemoyy,Itu sementara nanti balik lagi
jianjyan,Huhu mauu
itsjoeey26,Otwwww hifu . Masih promo ga sih
sn_hnf,Kak kalo ada jerawat gitu boleh gak sih?
makasar_,hifu sakiiiitttt tapinya ğŸ¥º
brown.sugar.creamy,kak lo kerja apa
erisavutri,jauh ğŸ˜³
inisanti__,sakit rasanya apalagi pas kena tulang pipiğŸ˜‚
bintari95,Photofacialnya sih rekom bgt ğŸ¥°
user135795322117,"mending LIFU deh, ga sakit harganya sama trs minim bengkak tp hasilnya lgsg kelihatan"
chickenudle,Hifu 700 rb tahannya seminggu ğŸ˜‚
randomly0000,permanent gaksih?
gerda993,Kalo aada 2 dagu gmn kk wkwkwk
eskupii,@makan.beras yuk.. otw
abcdefg1w34,gaji umr bisa kah
darkpsxcho,Sekali treatment lgsg keliatan hasil kak?
putumilanie,"Aku udah pernah hifu sist,, bayar 4jt 3X treatment, cuman pas ngerjain mau."
syifainayah4,buat ngurangin pipi chubby atau double chin mendingan hifu atau mesolipo kak?
dianlat2,ada cabang di malang kx ?
titaatitut,Sakit ga siğŸ˜­
sayang170322,@sserendipity__00 kuyy
fanncimmm,komentar gak tersedia?
asknownasaqueen,@virgocms aku mau
afnizakiya,"hifu + meso sih tepat nya karena kata dr nya kalo hifu ga pake meso kurang efektif perubahan nya, dan meso nya jg mayan /cc nya ğŸ™ƒ"
.haydra,@sundelanddd bisa ni cil
bayikeraa,sakit banget Gusti tapi bisa di ringanin kok ğŸ¥º
novitaaaaasm,gua kaget sama lu tiba tiba nonggol kaya asalamualaikum dlu
girlslol24,Tapi itu sakitnya luar biasağŸ˜³ gw uda pernah coba! Tapi kalo yg rela sakit demi cantik boleeee lahhh ini bagus karna hempasin lemak
itptriz,ya Allah pen punya duet @kakatua369
sattaanntang,Itu pakai ultraformer 3 ya??
akuu.nayaaaa,"""komentar tidak tersedia"" wkwkw"
hacuwww,KENAPA GA ADA DI BANDUNGğŸ˜­
anakbunddaaaa,@anv.fbi23 tah sok biar gk insc wae da aku ma gk mau
azkalieva_89,kalo udh tirus tp PGN mengencangkan bisa ga kak??
beyours999,BAIK BGT DAN CANTIK BGT LOVE
xxrollki,komentar tidak tersedia
anisaaa4311,sakit ga sii?
theresiavicky,Iniii @lienlisa13
syuu___l6,@nurrahmawati.98 gini lo ğŸ˜‚ğŸ¤£
nurrahmawati.98,lu beneran mau meiğŸ˜‚ğŸ˜‚ğŸ˜‚ğŸ˜‚
syuu___l6,"iyah pipi ku tembem tapi bulet kotak,gemuk kan dikit lagi muka udah ke sponsbobğŸ˜‚"
pcarkrisrenjunygkedua,janji ga komentar tdk tersedia??
sntiirmaw,komentar tidak tersedia haha
alqish_zhang,iya hifu itu langsung set kok.. dulu aku beautician pernah latihan ngehifu dan susahnya adalah bikin kanan kiri simetris karna itu langsung set ğŸ˜…
capekbgt08,komentar tidak tersedia
na.bilbil,Mau
selviraaniri,"klo gue banyak duit jga emng mau buat muka cantik,Kaka ini yg ngajarinğŸ¤£ğŸ‘"
itsmeliviaa0,Sakit ga si kakğŸ˜«
kindertojoy21,ini nama klinik d IG kok gada yaa kak
queenzie_artemisia,rata2 wanita usia 30 thn cantik fix uangnya banyk
aslsfa19,Manfaatnya kak??
ratih763,sebelum pake hifu apa dibius duluğŸ™
monlxght77,hifu apaan?
rekasafitri595,andai ada di BatamğŸ¥º
araarrr7,Engga sakit cuma agak ngili aja dikit
vvlolxx,ma lu ngapain disini @paraffinlights
piaselpiaa,MAUUUU
ygtu5,buat muka yang gak simetris ngaruh gak kak?
anindita_vy,itu bisa kembali ke chabi lagi gak kak ..??
wafumiko,better hifu atau botox?
xxyzzna,@cutieebbee buat kamuh tuu
paprikamerah05,Ahhh thankyouğŸ¥°
nuwhdj,@wowowwwop hifu
ppowerrangerpink,waifu?
edthnsa,beauty is pain ğŸ¥°
kucingg008,@reyf23 hifu cinnn
reyf23,biar apa itu cinn?
kucingg008,tirus
user1995123020000118,definisi beauty is painğŸ˜³
zuzurzx,eyelash dimana?
_finnajenner,saya kerja dlu ya sayy
akha455,balik lagi brapa lam kk
j76_aquarius,Hair colour dmn ?
veyyyyyybukansih,@bloomingpeaches go
moneyinred_,@keiishshaa hifu kakğŸ˜…
zwzwz32,@xyl_yaya nohh
violint19,alhamulilahh cantik alami
ihkesell,wahhğŸ˜ğŸ˜ğŸ˜
llavrd,@cheraannisa noh
enjicin,doâ€™ain saya cepat kaya ya kakğŸ˜Œ
abcdefgqbdina,linu
prettygirl._95,hy
cicitauco,mahal bet
kgbtnhqq,@kitaoke02 yuuu
hi.maayya,ok masuk list dlu
nisaiksaniah,tp duitku ydk sat set sat set besttieeeğŸ˜ŒğŸ˜ŒğŸ˜Œ
ibdahin_,BUAT LEMAK BADAN PERUT LENGEN PAHA BISA GA
bonia1717,Tarik benang aja
cahayaalvi,Tapi aku udah kempot ğŸ˜¬
phillygirls8,Mending meso ga sihh? Lemaknya ilang gitu
fridazhrf,tahan berapa lama ?
oscarkanjaya13,Gue udh 3 x dan hasil nya hehe cobain aja deh ğŸ˜‚ğŸ˜‚
oliviahonda1,"kak,kalao hifunya di perut ngaruh gak biar g bunvitğŸ˜‚ğŸ˜‚"
urgir11_,Chubychuby jgn insecure tapi hifuğŸ˜­
nzgdgdjfjfkdkxn,sakit gak di haifu?
hallotrisha,Lumayan cekat cekit rasanyağŸ˜‚ğŸ˜‚
riskisapina,cabi itu gemoyy
dee.saff7,gua bukan pen ngempesin pipi.. gua pennya perutttğŸ˜­
cacahlincah,cara bikin chubby' gimanağŸ¥º
agnechristw,@puxayang biar tirus wkwkwk
puxayang,uang
gendut_078,Trs brpa kali tifu itu ?ğŸ˜³
yohana17170,aq mlh pngen cubby pipinya
lilygeraldine555,saat itu juga mgk naiknya. Tp tahan brp lama sis?
h0l104,itu di apain emang?
santaibestiee,Kalo chuby tuh hifu! Noted
zeee_136,Rasanya panas ngilu gimana gituğŸ˜‚
tynakaokto,dapat brapa kali shot ya kak?
fatma122009,TPI aku lebih suka cabo dari pada kempotğŸ¥º
tiktokds_789,bisa buat lengan gak?ğŸ˜‚
gistaraola,hifu sakit banget tp hasil nya nagihğŸ˜‚
serigalagalak_,"Pelajaran yang bisa diambil â€œ Cubby tu jangan insecure, Cubby tu Hifuâ€ sippp banget gua kemaren abis Hifu ğŸ¤£"
bitchcool.1,gw pgn chubby masağŸ˜³
sfy2303,ka bisa ngecilin daerah lain ngga ????? ğŸ˜‚
zzarraaaaa,ini sakit tp bikin nagih
nurlailan7,sebulan sekali harus hifu dan efek nya sementara yg pasti kantong jebolğŸ˜
calistaelsa7,gua cabinya di perut bisa ga ya?:v
sari2288_,@kangcendoll_ mantep gas ga ya
gpfaith28,klo aq malah lbh suka liat org yg chubbyğŸ˜‚ğŸ˜‚ğŸ˜‚
legisayantina,"Kak, kayaknya kalau aku di Hifu yah kudu operasi tulang rahang duluğŸ˜‚ğŸ˜‚ğŸ˜‚ soalnya muka bakot ""batak kotak"" bgtğŸ˜…"
jenna4310,ko prwtn lu sllu dpt yg mura mura si neeeeng
dantylrst,murah bgt @ansgrcia @faraahnur
cancers1994,"hifu g bisa permanen ,,mau bikin tirus V-shape or Injek lemak biar g chubbyğŸ˜ kecuali emng mukanya tirus"
agnesputrik_,kak brrti kalo gak simetris mukanya bisa gk pake treatment ini biar simetris ğŸ˜³ğŸ˜ğŸ˜
slxulagrl,mau tetep cabi tapi dagu ngga ada dabelcinya
in.ge02,murah bangetğŸ¥°ğŸ¥°...
u_ulfatun,aku Mau Ngecilin dibawah dagu bisa ga kak
dynsssss_,hifu brp shot ini?
bungaajg,si hifu lebih nampol kayanya noh bestiee @inggitim
sattaanntang,Berapa shots ya?
apaanjadehxixi,@yaelajar info dapet uang secepat kilat
herelurking,ini berapa shot kak?
lindakristianto,bisa operasi idung ga si disitu
dfdfdfdfdd8,"Kak, mau tanya itu sakitnya sampe ke rahang gigi nggak?"
jesslynandmom,"ankku mauuuuu,dia masuk mg artis di suruh hilangin cubby nyğŸ˜©"
mithayoong,"700rb itu murah weh klw langsung gitu ğŸ˜³ğŸ˜³
mauuu ğŸ¥ºğŸ¥º"
ayangintrovet,yang pengen chubby nangisss liat iniğŸ¥º
dianulanii,apalah dayaku yang bentuk mukak bulet dari lahirğŸ˜Œ
fantasydoang,Pen tirusğŸ˜³ğŸ¥º
septinyott,"masalah nya cabi nya sekalian tulang nya aku tuh , jadi bulet beserta kepala dan rahang tetep aja gak bisa ğŸ¥º"
novvirahmawati,kalo mau balikin muka biar simetris bisa gak sihğŸ˜¬
siapayaa_895040,"Iya sumpah, gue cobain hifu sekali nagih bgt, ilang tu pipi chubby"
niagebrielie333,ka nama ig dokter nya apa?
dr.farrahalgadri,Ig nya @farlaclinic_dr.farrah kak
queenecaa19,ini perempuan lamalama gue follow jg ye racunin treatment mulu ğŸ˜¡
diss.yaa,kan baru liat gue komen lu
whoisthis027,lama2 ngeselin juga anda
natyourbusines5,wait brrti klo tirus bru cantik dong? ğŸ¥ºtrus klo chubby--
iamluckygurl,tergantung muka si klo chubby orgnya cakep y ttp cantikğŸ˜‚
natyourbusines5,nah iya ad yg kurus tpi chubby ttp cantik
niachoir,"tapi ntr kalo pipi gua doang yg tirus nya cpt bgt gt, bdn gua msh bengkak, aneh dong ğŸ˜Œ"
hildaelis735,ka lokasinya di mana mau dong ka
cellyeugenia,berarti bisa bikin muka simetris jga dong yg pipi nya beda sebelahğŸ˜­
mimiw_cat_,kaka infuse whitening ga? kalo iya spill dong ka
p.moiarada,wallah hifu sama laser sakit bgt anjrot tp gpp hepi kiyowo demi cantik
darkqueen041,garaÂ² kk saya langsung cari dong. keracunan lagi promo langsung ku kejar wkwkkw
lvdumpiess,@paulll discount buat aku dong kakak farah
lvdumpiess,oalah farla
khnzayeager,janji ga ilangin komentar?:v
candycakeyum,takuttt sakitttt
dddddrtry,"murah banget anjiR,, ada duitku klu cm segitu bt tirus. msljnya ak tggl dikebun sawit, ke kota liat mall aj bsa 3 bulan skli, bahkan 1 thn k kota bsar"
lely_lailie,kmrij prwatan byar 3 juta lebih hasilnya masyallah gk ad perubhan sma sekli ğŸ˜ŒğŸ˜Œ kecewa
lyaastore_,komentar tidak tersedia
nadellamtiana,gileee bisa gituuuğŸ˜³ğŸ˜³ğŸ˜³
userzjmerixs58,"gue pernah dihifu abisnya dibawah pipi kayaa panas bgt berbekas kaya abis kena knalpot, jdi kqpokğŸ˜‚"
rembulanseribu,@sf.xxxx ayo
jhnsw,"1,5 ke 700??ğŸ˜³ğŸ¤¤"
jancoek.e,@mirandafebb @notforyuuuuuuu ğŸ˜³a
elsanovianingsih,murahğŸ¥º
pratiwimaya,plg demen HIFU lifting slimming glowing ğŸ¥°ğŸ¥°ğŸ¥°
hjialiyah,maauu ka
chateau_chan,"Bener beauty is pain, bcs hifu hurts like hell to meğŸ¥²"
hiitayooo,"@_bestdecision 1,5"
waydb3,wish list
txy.yass,@TYA$$
dnagro,@viqihsueee @astriaulia42 @nnrr._ ayooooo
putripdefx,@frizkeyy
melisaputri7831,@keppobangetkamu
keppobangetkamu,waw
fuckl0v3333,@icacntkk_ WOYY
gulali_meymey,@ling_lung0.0
viranotpiraaa,@xnyx_zya @aragemoy155
syuu___l6,@nurrahmawati.98
heeyyo23,@Mississippi Putri ğŸ£
itselxxri,@ilernyajk
delfinaardelia123,@shellaanggraini149
nacaaaaaa__,@Santi.aprln09
this.august,@titin_nov85
puppayee,@krispi.iy
krispi.iy,otw jkt g siğŸ˜
hayynadiaaaa123,@adindafibrifitriani
yaudahiya..t,@anggi13_
shela_puspita,@Sirda Novi RatnaWati
novi123457,yuk nabung
jawaneseu,@cuppengg
cuppengg,Pengeennn
beverlyxa,@safirayumi
darrellyyn,@chendycaa @nadaanjlaa
viie.scorpio,@kikiarinasyahril05
willar99,@Pretty Putri Dwi Ros
putridwirosawinata,kono jomblo ndang perawatan
meliyani_0,@woigabutttttt
nnisaltff,@perkedelgiling
perkedelgiling,omg pengen bgt...
awe1708,@perempuanmugndt
bluenaa00,@chrnamrtianaaffh tah bisa meren jang ngabenerken t simetris
panggilsajadaisy,@callmeapriill @dekcenill_22 @sempakbolonggggg
venicebitj,@wickedxgames
rainbowrbss,@flyingbuzz
pscxgrl,@azani_9
staypowerfull,@ngantoekcuy
ditawijaya0,@mnxxc_
hazelnutellax,@selinich
dindzleo,@atheresya
lovingsirjkendlessly,@bbyoonee
civicaa_a,@xherylsss
ituduluinisekarang,@sugarcoat88
frt4nj,@tsxymrr @imdzaraay
tasyazzy,@gaf4ther
negaayeppo,@kim_thv.22
bitjiezz,@__user.521 ğŸ˜
stalkerbumi,@ulipannaya
sorewashirodesu,@samaellucifer3
kepocci,@juztnothing
heeyyo23,@misstum
xzyllya,@sweetiepaim
irsamisstikk,@Si Hawa
elaryosar,@aryagoest_
90loves1xx__,@tsalisah14
pacarfaqih,@yourgrlssssss
eci267,@win18045
niputu98_,@gigiloey
166fav,@RM
vaaannniii_,@sherrywongg
aaiiuuaaii,@madebyzura_
gvric,@marianafrati
gilang_puspita12,@gilangaldadanil
raaai03,@rizanurulawali
fatimaariza0,@kahiyahariza
tikaa_d4,@sastri.01
aim_aja05,ğŸ¥°
sharriosmendes,@u001469
dheciesuhendra,@ag.triadmojo
n02.zr,@swyamahifprmaiy01
lihatvideo,@ryskamw
maugadys,@sunkis5edd
jakenoona_,@itsmemisssuntea
ivanalul,@annahoyo
jejenrubyjane,@meow123kaget @unstablegirlf
soonwillbehappy,@222
rurapowerrenjer,@awrraacuy
sokkobegadangg,"Eh btw gue abis botox di derma xpress grgr luğŸ¤£, ditanyain tau derma drmna, gue blg dr elu, gue tunjukin akun lu wkwkwk"
eins75,"tumben ngasih tau kak, biasanya klo ditanya jwb nya ""gmau kasih tau krn gue ga di Endorse"" ğŸ˜"
user47383822973,berarti ini endorse
yonexmzz,"Udah kea gini masi mau ama ""modal cantik doang""?"
rnygrgn,kalo muslim mau nyoba gini termasuk ngerubah ciptaan Allah ga si?
asdfghjk.998,@sheriin66
jkwolfie130,@nurulitsnainiah