,id,name,web,created_at,username,tweet,location
0,1535059785665478656,Diaga,,2022-06-10 00:42:27,DiagaPaiker,"@Muhdzahir @hrdbacot Biar mudah di pahami, mirip seperti tenaga kesehatan, nah PNS itu dokter, PPPK itu perawat, asn itu tenaga medis/kesehatan",PALEMBANG
1,1535048183424106498,Chalistamall,,2022-06-09 23:56:21,chalistamall,"#Jubahoperasi Jubah operasi
#Apdgown  Apd Gown
#surgicalgown  Surgical Gown
#Jubahoperasiterlaris 

Jubah operasi | Apd Gown | Surgical Gown| Jubah operasi terlaris | Chalista Mall

Untuk kaka tenaga medis yang butuh jubah operasi  berkualitas

Bisa klikğŸ‘‰ https://t.co/WyT8G3eiHd https://t.co/os5L0rXtrL",
2,1535034965510934529,Romian,,2022-06-09 23:03:50,romiaann,"Tapi kok dokter2/tenaga medis gak jelasin ya? Kan gak semua orang kritis akan hal itu. Hmm. Thank you, Ners. https://t.co/lOShUterWu",Indonesia
3,1535031570629021696,eL,,2022-06-09 22:50:20,sundarkeu_,"Gimana ya, para dokter atau tenaga medis lain tuh gak ngasih tau waktuÂ² yg pas cuma blg kalo 3x1 ya diminum pagi, siang, sore
Masyarakat ngikutin apa yg tertulis
Masalahnya juga masyarakat kita jarang ada yg nanya rentan waktu, kalo udh tertera 3x1 ya udh gitu ğŸ˜“ https://t.co/4qZyHAJI3B",svt â— nct â— Ã¦spa 
4,1535026983469740032,no,,2022-06-09 22:32:06,aburnin6hill,"@mediocrickey semua itu ga bakal terjadi kalo Indonesia punya kebijakan safe abortions kaya di UK, proses aborsi ga perlu dilakuin sendiri yg bisa sangat berbahaya buat kesehatan si perempuan. tinggal datang ke klinik dan bakal dibantu sama tenaga medis yg berpengalaman",
5,1535026659673649152,mak menggik,https://t.co/NRmccYu0FQ,2022-06-09 22:30:49,prasetia_bhayu,"@needmorecuddle @nomu_yeppeo @mediocrickey Bener juga, secara dia tenaga medis",Karangjati. Ngawi
6,1534944892119822336,Tim Kardashian â„¢,https://t.co/YsocLBce19,2022-06-09 17:05:54,timmymalachi,RT @afifanharyawan: Sebagai tenaga medis yang melayani pasien HIV+ saya berterimakasih kepada pemerintah untuk menyediakan pengobatan secarâ€¦,Jakartangerang
7,1534904523692552192,Eteroaheremana,,2022-06-09 14:25:30,eteroaheremana,"@gophertort45 ada hanya kasi darah, air mata dan trauma tuk ditukar uang agar tutupi korupsi dan izin2 SDA perusahaan asing!!!

sa sbg nakes jg masi trauma deng aksi OPM di thn 2018 di nduga opm culik 15 guru dan tenaga medis selama dua minggu bhkn satu guru diperkosa bergiliran lalu di des",
8,1534894259832496128,cinta allein,,2022-06-09 13:44:43,sin_suit2,RT @afifanharyawan: Sebagai tenaga medis yang melayani pasien HIV+ saya berterimakasih kepada pemerintah untuk menyediakan pengobatan secarâ€¦,
9,1534891693396611072,ìœ¼ë‚˜ë‚˜ .ğ’‡ğ’‚ğ’˜ğ’,https://t.co/8nOvZ0sUPN,2022-06-09 13:34:31,SFT97EH,"ğ—¡ğ—œğ—–ğ—¨ (ğ™‰ğ™šğ™¤ğ™£ğ™–ğ™©ğ™–ğ™¡ ğ™„ğ™£ğ™©ğ™šğ™£ğ™¨ğ™ğ™«ğ™š ğ˜¾ğ™–ğ™§ğ™š ğ™ğ™£ğ™ğ™©)
â”€â”€â”€â”€â”€â”€â”€â”€â”€â”€â”€â”€â”€â”€â”€

Ruang NICUÂ merupakan tempat khusus untuk merawat bayi baru lahir yang membutuhkan pengawasan ketat dari tenaga medis.",SFT 
10,1534875565303414784,TIA S. HI5HTLI5HT,,2022-06-09 12:30:26,T14503NG,RT @afifanharyawan: Sebagai tenaga medis yang melayani pasien HIV+ saya berterimakasih kepada pemerintah untuk menyediakan pengobatan secarâ€¦,
11,1534854577413320704,Karir purwokerto,https://t.co/vAbvsFlFki,2022-06-09 11:07:02,karirpurwokerto,"Lowongan Kerja RSU Harapan Ibu Purbalingga

1. Terapi Wicara
2. Terapis Gigi &amp; Mulut
3. Bank Darah
4. Tenaga Teknis Kefarmasian
5. Ahli Teknologi Laboratorium Medik
6. Rekam Medis
7. Filling Rekam Medis
8. Satpam
9. Transporter
10. Teknisi

Selengkapnya di https://t.co/MOyLsXceu1",
12,1534852197993041920,Humaslapaspiru,,2022-06-09 10:57:34,PiruHumas,"3| ada beberapa poin penting sebagai syarat yang harus dipenuhi untuk memperoleh izin operasional klinik, yaitu harus memiliki tenaga dan sarana kesehatan, dan pengelolaan limbah medis.@kumham_maluku #KumhamMaluku #KanwilKemenkumhamMaluku @NewsKemenkumham  #KamiPasti #PastiManise",
13,1534841030998106112,intren.id,https://t.co/ReX5hoeWX1,2022-06-09 10:13:12,intrenID,"Kecelakaan Air di Sungai Mahakam Tewaskan Tenaga Medis, Harus Ada Upaya Pencegahan Agar TakÂ Terulang https://t.co/YkSAVGsBRD","Kota Batam, Kepulauan Riau   |"
14,1534822279087267841,Stay hungry,,2022-06-09 08:58:41,damnwishlist,"@tatertotifroti @convomfs Kalo psikolognya cocok sangat worth kok.. emg cocok2an cari tenaga medis tu, bkn psikolog aja, dokter umum jg kadang ada yg cocok ada yg gak",
15,1534814784444452864,Evelia,,2022-06-09 08:28:54,Evelia_evaa,"â€œSaya mengingatkan pemerintah agar terus berkoordinasi dengan WHO. Pemerintah melalui Kemenko PMK juga perlu mengoordinasikan sumberdaya seperti kebutuhan dokter anak &amp; tenaga medis lain di setiap daerah, &amp; persiapkan fasilitas kesehatan untuk skenario terburuk.â€ â€“ Puan Maharani",
16,1534804832082485248,Ai,,2022-06-09 07:49:21,aisah_syahh,"â€œSaya mengingatkan pemerintah agar terus berkoordinasi dengan WHO. Pemerintah melalui Kemenko PMK juga perlu mengoordinasikan sumberdaya seperti kebutuhan dokter anak &amp; tenaga medis lain di setiap daerah, &amp; persiapkan fasilitas kesehatan untuk skenario terburuk.â€ â€“ Puan Maharani",
17,1534793228553052161,Pramesemara,https://t.co/OQvllJcQqA,2022-06-09 07:03:15,pramesemara,"I Gusti Ngurah Pramesemara, S.Ked, M.Biomed, Sp.And

Link Zoom Meeting:
https://t.co/vKGiEAvVJH
Meeting ID: 860 8340 9417
Passcode: UAU8

Bagi Sejawat Dokter atau tenaga medis lain yang berminat, silakan klik Link Zoom Meeting diatas pada waktunya. *FREE* dan Sertifikat (4/5)",Indonesia (Nusantara)
18,1534785744396759040,Muh. Haris nugraha,https://t.co/Mcw99PusAn,2022-06-09 06:33:31,alealedong,@kiaraaaaaaaaas bau-bau donasi org sakit yang selalu dilakukan secara rutin kepada tenaga medis ...,"Jakarta Selatan, DKI Jakarta"
19,1534783930695839744,Odhit is busy,https://t.co/NqiQ4yUK7O,2022-06-09 06:26:18,earthologious,"Sebagai tenaga medis, beliau terasa lebih bijak aja. Kita percaya ilmu sains dan ngehargai sesuatu yang ""tidak kelihatan"" karena nyatanya emang ada sesuatu yang kadang gak bisa dijelaskan dengan medis juga. Menjalani satu profesi tanpa mendepak fakta di luar kuasanya itu bagus",Indonesia
20,1534762260899500033,Afifan G Haryawan,https://t.co/atg11jy22V,2022-06-09 05:00:12,afifanharyawan,"Sebagai tenaga medis yang melayani pasien HIV+ saya berterimakasih kepada pemerintah untuk menyediakan pengobatan secara gratis. Apabila berbayar, hampir semua pasien tidak akan bisa membayar ratusan ribu per bulan untuk pengobatan seumur hidup.","ÃœT: -7.6082416,110.9760029"
21,1534755245372321792,RRI Programa 3,https://t.co/95zO5Kdk4c,2022-06-09 04:32:19,RRIPrograma3,"#LAPORANREPORTER

Dinas Peternakan Cianjur kekurangan tenaga medis untuk menanggulangi PMK. Reporter RRI Makassar (S)

Dengarkan di 88.8 Fm Pro3 RRI, RRI NET dan RRI PlayGo. -AMD",Jakarta Capital Region
22,1534753534159204352,Console.Writeline('Hello world!');,,2022-06-09 04:25:31,mamangcilokk,"Dear tenaga medis, infokan pasien klian jika ada obat psikotropika n informasikan jka hnya sekali resep saja. Gue prnh disruh papah beli esilgan pke kopiresep ke 3 apotik n semua nolak kek org ketakutan, wktu ppah ke dokter trnyta bilang klo obatnya ktgori itu n hny sekali resep https://t.co/jby5onZFvG",Indonesia
23,1534746936594821120,tina,https://t.co/0z37RbIb36,2022-06-09 03:59:18,TinaSindy,"Di @PremierBintaro tersedia ruang radiologi dgn tenaga kesehatan yg sangat berpengalaman dan mencakup ahli radiologi, fisikawan medis, ahli radiografi, dan banyak profesional kesehatan lain yang ahli dan terlatih.
#rspremierbintaro 
#scoliosis https://t.co/enhlO0V1vE",Cibinong
24,1534728006727794688,Media Indonesia,http://t.co/hkjokX3pcR,2022-06-09 02:44:05,mediaindonesia,"Selanjutnya, masalah faktor kesehatan dan pendidikan itu belum terjangkau, guru atau tenaga pengajar maupun tim medis atau tenaga medis itu belum bisa ke daerah tertentu karena pembangunan jalannya belum ada.  https://t.co/1AVzXZ6pgu",Jakarta - Indonesia
25,1534723214987112450,JPNN.com,https://t.co/bouVMxnbJE,2022-06-09 02:25:02,jpnncom,Dinas Kelautan Perikanan dan Peternakan (Dislutkanak) Cianjur kekurangan tenaga medis dalam mengantisipasi penyebaran wabah penyakit mulut dan kuku (PMK). #Dislutkanakcianjur https://t.co/HPhznMc3vQ,Indonesia
26,1534720529663336448,Bayufernanda,,2022-06-09 02:14:22,bayufernanda32,"Puan mengingatkan pemerintah agar menyiagakan dokter anak dan tenaga medis lainnya di setiap daerah, serta mempersiapkan fasilitas kesehatan untuk skenario terburuk.","Baturaja , sumatra selatan "
27,1534718744613703680,jane ğŸ¼,,2022-06-09 02:07:17,pilipirimiri,"Hanya karena gejalanya mirip, belum tentu diagnosanya sama. Tenaga medis juga bukan, tapi gampang banget nyuruh orang lain ke psikiater. Ga sopan.",
28,1534715301282975745,Chalistamall,,2022-06-09 01:53:36,chalistamall,"#Jubahoperasi Jubah operasi
#Apdgown  Apd Gown
#surgicalgown  Surgical Gown
#Jubahoperasiterlaris 

Jubah operasi | Apd Gown | Surgical Gown| Jubah operasi terlaris | Chalista Mall

Untuk kaka tenaga medis yang butuh jubah operasi  berkualitas

Bisa klikğŸ‘‰ https://t.co/WyT8G3vlJd https://t.co/07LOR9tJu5",
29,1534711155742375938,Kemenkumham Sumsel,https://t.co/8J5e1cS6Wr,2022-06-09 01:37:07,kumhamsumsel,"Kakanwil Kemenkumham Sumsel, Harun Sulianto:
Tenaga Medis Lapas Kayu Agung Kemenkumham Sumsel sinergi dgn Dinas Kesehatan OKI melaks Skrining Tubercolosis bagi Warga Binaan dgn cara mengambil sampel Dahak WBP. 
https://t.co/AjnUT9okCC
Harun Sulianto
@kumhamsumsel @Kemenkumham_RI",Palembang
30,1534614539643555840,LittleArmyMan,,2022-06-08 19:13:12,FaishalIshal5,@ErnRicciardo @cicilalalaci @caollect @rizzysol @debo_nini @eunudongminie ngapain pake BPJS ? bayar lah hutang pemerintah itu udah gede. kasian dong tenaga medis kadang gajihnya telat apalagi rumah sakit swasta,Izmir
31,1534564827653619717,K ğŸ¯ T Ğ„ K ğŸ… â„¢ ğŸ‡®ğŸ‡©,,2022-06-08 15:55:40,007K0TEKA,"RT @Yusiwansi: masalah faktor kesehatan dan pendidikan itu belum terjangkau, guru atau tenaga pengajar maupun tim medis atau tenaga medis iâ€¦",
32,1534555168343138304,hadi wiguna,,2022-06-08 15:17:17,hadi_wiguna,Dinas Peternakan Cianjur Kekurangan Tenaga Medis Tanggulangi PMK https://t.co/bD8KoZ8dOK,Jakarta
33,1534554790650253314,Wizzel,,2022-06-08 15:15:47,AmandaWizzel,"RT @Yusiwansi: masalah faktor kesehatan dan pendidikan itu belum terjangkau, guru atau tenaga pengajar maupun tim medis atau tenaga medis iâ€¦",
34,1534553474226339840,Republika.co.id,https://t.co/0oHVjg8JGW,2022-06-08 15:10:33,republikaonline,"Hanya ada satu orang dokter hewan, 10 orang tenaga kesehatan hewan. https://t.co/JCxHMZWyMt","Jakarta, Indonesia"
35,1534551511446847489,ğ”»ğ•–ğ•Ÿğ•Ÿğ•š ğ•Šğ•’ğ•¦ğ•ªğ•’î¨€,,2022-06-08 15:02:45,denni_sauya,"RT @Yusiwansi: masalah faktor kesehatan dan pendidikan itu belum terjangkau, guru atau tenaga pengajar maupun tim medis atau tenaga medis iâ€¦","Tangerang, Banten"
36,1534550006350237702,Yus,,2022-06-08 14:56:46,Yusiwansi,"masalah faktor kesehatan dan pendidikan itu belum terjangkau, guru atau tenaga pengajar maupun tim medis atau tenaga medis itu belum bisa ke daerah tertentu karena pembangunan jalannya belum ada.
#DOBUntukKebaikanPapua
https://t.co/V0c2KgVirJ",
37,1534544619593256963,TN Political Tweets Disseminator Bot,,2022-06-08 14:35:22,TNPoliticsBot,"RT @Antara_Jabar: Dinas Peternakan Cianjur kekurangan tenaga medis untuk tanggulangi PMK 

https://t.co/PiSsdMNM7Y",Mars
38,1534544597665615877,Antara Jabar,https://t.co/8pcJL8GIex,2022-06-08 14:35:17,Antara_Jabar,"Dinas Peternakan Cianjur kekurangan tenaga medis untuk tanggulangi PMK 

https://t.co/PiSsdMNM7Y",Indonesia
39,1534541411244068865,Yurikanisiner,,2022-06-08 14:22:37,Yurikadiahi,"@SSambom yg ada hanya kasi darah, air mata dan trauma tuk ditukar uang agar tutupi korupsi dan izin2 SDA perusahaan asing!!!

sa sbg nakes jg masi trauma deng aksi OPM di thn 2018 di nduga opm culik 15 guru dan tenaga medis selama dua minggu bhkn satu guru diperkosa bergiliran lalu di",
40,1534522117001138178,Chelsy Aurelia,,2022-06-08 13:05:57,chelsychelsoy,"RT @Nonamenoname200: @BWFScore Dengan style main Ginting yg cepat, terlihat mencemaskan kalau harus sampai rubber apalagi melawan pemain2 tâ€¦",
41,1534522051855552512,Cek Tweets For #GoodThings,,2022-06-08 13:05:41,Nonamenoname200,"@BWFScore Dengan style main Ginting yg cepat, terlihat mencemaskan kalau harus sampai rubber apalagi melawan pemain2 tipikal rally yg ga mudah mati

Raut muka ga bisa bohong kalau tenaga sangat terkuras, mungkin jadinya bisa agak kesusul di point2 akhir set 3. Dan tim medis pun datang",Jakarta Capital Region
42,1534508102417993728,Brianrepasi,,2022-06-08 12:10:16,Brianrepasip,"@OwitaOpa ada toh! yg ada hanya kasi darah, air mata dan trauma tuk ditukar uang agar tutupi korupsi dan izin2 SDA perusahaan asing!!!

sa sbg nakes jg masi trauma deng aksi OPM di thn 2018 di nduga opm culik 15 guru dan tenaga medis selama dua minggu bhkn satu guru diperkosa bergiliran",
43,1534506711801012224,Gilanorege,,2022-06-08 12:04:44,gilanorege,"@febrofirdaus kasi buku? tra ada toh! yg ada hanya kasi darah, air mata dan trauma tuk ditukar uang agar tutupi korupsi dan izin2 SDA perusahaan asing!!!

sa sbg nakes jg masi trauma deng aksi OPM di thn 2018 di nduga opm culik 15 guru dan tenaga medis selama dua minggu bhkn satu guru",
44,1534454755040239619,Benita,,2022-06-08 08:38:17,Boni_ania,"â€œSaya mengingatkan pemerintah agar terus berkoordinasi dengan WHO. Pemerintah melalui Kemenko PMK juga perlu mengoordinasikan  dokter anak &amp; tenaga medis lain di setiap daerah, &amp; persiapkan fasilitas kesehatan untuk skenario terburuk.â€ â€“ Puan Maharani Puan PM",
45,1534448542298689538,MolğŸ¸,,2022-06-08 08:13:35,molminton,Semangat juangnya tinggi sekali sampai harus dapatkan tenaga medis :( https://t.co/FTofUmtc8N,04L
46,1534447110296567808,davidnormann,,2022-06-08 08:07:54,DavidNormann01,RT @puanmaharani_ri: Saya mengingatkan pemerintah agar terus berkoordinasi dengan WHO. Pemerintah melalui Kemenko PMK juga perlu mengoordinâ€¦,
47,1534426760569159681,Rudenim_Manado,https://t.co/srJgHqhptZ,2022-06-08 06:47:02,ManadoRudenim,â€œkegiatan ini dilaksanakan dalam rangka pengawasan dan pemantauan kondisi Kesehatan seluruh pegawai serta proses Kesehatan ini langsung ditangani oleh tenaga medis yang kompeten dari Laboratorium Prodia Manado dan ini merupakan agenda rutin yang dilakukan setiap tahun sebagai,"North Sulawesi, Indonesia"
48,1534410138916126720,Redaksi86.COM,https://t.co/3awqBYX6ih,2022-06-08 05:40:59,redaksi86com,"Tim Medis Satgas Binmas Noken Ops Damai Cartenz-2022 Gandeng Tenaga Medis RSUD Dekai Gelar Bakti Kesehatan Donor Darah Dalam Rangka Hari Bhayangkara Ke-76

https://t.co/BoeNgeDWXa

#KORANKAMPAR #KORANONLINE #REDAKSI86",
49,1534405726717849601,Achunk27,,2022-06-08 05:23:27,achunkode1,"@jokowi Sy Sebagai warga Wakatobi. Yth pa dhe @jokowi Karena pa dhe mau ke wakatobi, sekalian pa dhe ada keluhan kami pa dhe.. Haknya tenaga Medis Covid19 di wakatobi dari tahun 2020 sampai skrng blum di bayarkan pa dhe.. Mohon tinjauannya pa dhe..Terima Kasih pa dhe @jokowi","Wakatobi, Sulawesi Tenggara"
50,1534404491319160838,SAPI ENS BEDES (ã«ã£ã‹)ğŸŒ,https://t.co/556PsuuJzM,2022-06-08 05:18:33,hadiancuk1,"@Smsl_alghozali Tenaga medis kewalahan saking banyak kasus dan kurangnya personil, obat obatan juga terbatas banyak yg belum bisa dapat penanganan secara medis",Ponorogo
51,1534392314575003648,coco | SNSD COMEBACKğŸ”¥ğŸ’—,,2022-06-08 04:30:10,gococo,"@afrkml berarti kalo orang yg dapet shift malem itu gimana ya ners, dia gadapet kualitas tidur yg baik? padahal sama sama 7 jam tidur, kan banyak juga perawat atau tenaga medis yg shift malem tuh",he/him
52,1534389165663457280,Backpacker Indonesia,https://t.co/qMkKibiTxy,2022-06-08 04:17:39,idbcpr,Keren! Dukungan Nyata Pemprov DKI Jakarta Untuk Tenaga Medisnya! - https://t.co/UQwnLpjsfk https://t.co/fFiuFi6dkd,contact  idbcpr@gmail.com
53,1534371565135343618,untuk kamu,,2022-06-08 03:07:43,akudaribulan,"@bonbonsov @xxxxxxxsdddx @JobStreetcom Hehe yaudah terserah kk aja. Ini cuma sekedar mengingatkan aja. Mungkin efeknya ga skg, kita gatau kedepannya gimana. Makanya ada istilah mencegah lebih baik daripada mengobatiâ˜ºï¸
Btw mamahku tenaga medis, psanganku jg kerja shift tp kan ga setiap hari shift malamğŸ˜Š",
54,1534360403081297920,PB News.co,https://t.co/q6RnCUbSab,2022-06-08 02:23:21,PBNews_co,85 Tenaga Medis Disiapkan Layani DelegasiÂ W20 https://t.co/XBPmCQ0k5y,
55,1534357029275697152,Adara Kesha,,2022-06-08 02:09:57,rashel_19,"3. Dokter atau tenaga kesehatan diklinik Lapas Perempuan Palembang Kanwil Kemenkumham Sumsel bisa melakukan pelayanan intervensi medis apabila kondisi warga binaan gawat darurat. 
@Kemenkumham_RI
@kumhamsumsel @lpnbanyuasin #Latiba
#KumhamPasti
#KumhamSumsel
#HarunSulianto",Indonesia
56,1534337849822420992,Rahul Khan,,2022-06-08 00:53:44,_RahulKu,Puan mengingatkan pemerintah untuk menyiagakan fasilitas kesehatan serta dokter anak dan tenaga medis lainnya di setiap daerah demi menghadapi skenario terburuk.,
57,1534314981390712832,Chalistamall,,2022-06-07 23:22:52,chalistamall,"#Jubahoperasi Jubah operasi
#Apdgown  Apd Gown
#surgicalgown  Surgical Gown
#Jubahoperasiterlaris 

Jubah operasi | Apd Gown | Surgical Gown | Jubah operasi terlaris | Chalista Mall 

Untuk kaka tenaga medis yang butuh jubah operasi

Bisa klikğŸ‘‰ https://t.co/WyT8G3eiHd https://t.co/BjlguImhCS",
58,1534307093217525765,Ai,,2022-06-07 22:51:31,aisah_syahh,"Puan mengingatkan pemerintah agar menyiagakan dokter anak dan tenaga medis lainnya di setiap daerah, serta mempersiapkan fasilitas kesehatan untuk skenario terburuk.",
59,1534217211019423745,Jho Iksan Dwi Harja,,2022-06-07 16:54:22,JhoHarja,"Salah mu, nyogok PNS ASN,
*di luar negeri PNS ngak ada adanya polisi, dan wajib militer setelah lepas non dinas, di pekerjakan di pabrik pabrik industri....
*Jika guru &amp; tenaga medis ada tapi juga swasta gajine lebih bagus",#FORT BARRACKS_06 A. INA
60,1534215901658001408,kenapa?,,2022-06-07 16:49:09,kamvjelek,"Puan mengingatkan pemerintah agar menyiagakan dokter anak dan tenaga medis lainnya di setiap daerah, serta mempersiapkan fasilitas kesehatan untuk skenario terburuk.",
61,1534192620070907904,manda,,2022-06-07 15:16:39,manda_nop,"Puan mengingatkan pemerintah agar menyiagakan dokter anak dan tenaga medis lainnya di setiap daerah, serta mempersiapkan fasilitas kesehatan untuk skenario terburuk.",
62,1534190675259817985,Kathey,,2022-06-07 15:08:55,Kathey82509981,"Puan mengingatkan pemerintah agar menyiagakan dokter anak dan tenaga medis lainnya di setiap daerah, serta mempersiapkan fasilitas kesehatan untuk skenario terburuk.",
63,1534187914393169920,Kelley,,2022-06-07 14:57:57,Kelley27878053,"Puan mengingatkan pemerintah agar menyiagakan dokter anak dan tenaga medis lainnya di setiap daerah, serta mempersiapkan fasilitas kesehatan untuk skenario terburuk.",
64,1534179512644014081,gerdguga,,2022-06-07 14:24:34,gerdguga,"Puan mengingatkan pemerintah agar menyiagakan dokter anak dan tenaga medis lainnya di setiap daerah, serta mempersiapkan fasilitas kesehatan untuk skenario terburuk.",
65,1534172676620943361,Embeeeeer ...ğŸŒ¾ğŸª´ğŸŒ¿ğŸ¦‹ğŸ¦© ğŸ‡²ğŸ‡¨ğŸ‡µğŸ‡¸ğŸ‡²ğŸ‡¾ğŸ‡¹ğŸ‡·,,2022-06-07 13:57:24,Tuti_embeeeeer,"@WongAlasRoban @DrEvaChaniago Walaaah,,,
Dg BPJS pengobatan pasien oleh tenaga medis, bukan base on klinis,,,
tp base on budget.",di rumah ajaaaaa ...
66,1534169523259346944,Es MonyğŸ‡ğŸŠ,,2022-06-07 13:44:52,enciliarachidis,@aan__ @hrdbacot Kaget kirain giring sejak kapan jd tenaga medis...............,Supermom Princessâ™¥
67,1534166723502682112,webjagatpapua,,2022-06-07 13:33:44,webjagatpapua,"Puluhan Tenaga Medis Diterjunkan Layani Delegasi W20 di Manokwari - https://t.co/IkIHsq0SrH

#jagatpapua #beritajagatpapua #beritapapua #beritapapuabarat #updateberitapapua #infopapua #infopapuabarat https://t.co/D5iQGlfMvo",
68,1534152675226689541,chia,,2022-06-07 12:37:55,chiafauzy,"Puan mengingatkan pemerintah agar menyiagakan dokter anak dan tenaga medis lainnya di setiap daerah, serta mempersiapkan fasilitas kesehatan untuk skenario terburuk.",
69,1534152213832269824,Krissbee,,2022-06-07 12:36:05,Krissbee19,"Puan mengingatkan pemerintah agar menyiagakan dokter anak dan tenaga medis lainnya di setiap daerah, serta mempersiapkan fasilitas kesehatan untuk skenario terburuk.",
70,1534151540822671361,Hoerul Fuadi,,2022-06-07 12:33:25,HoerulFuadi,"â€œSaya mengingatkan pemerintah agar terus berkoordinasi dengan WHO. Pemerintah melalui Kemenko PMK juga perlu mengoordinasikan sumberdaya seperti kebutuhan dokter anak &amp; tenaga medis lain di setiap daerah, &amp; persiapkan fasilitas kesehatan untuk skenario terburuk.â€ â€“ Puan Maharani",
71,1534143299355037701,Hoerul Fuadi,,2022-06-07 12:00:40,HoerulFuadi,"Puan mengingatkan pemerintah agar menyiagakan dokter anak dan tenaga medis lainnya di setiap daerah, serta mempersiapkan fasilitas kesehatan untuk skenario terburuk.",
72,1534131216319860736,opiğŸ¹ || RE:MEMBER,https://t.co/rtK3p4vMMO,2022-06-07 11:12:39,jiyoobemine,"@pacaryooh satu satunya cara yg langsung call ambulans/tenaga medis sih zee, menolong dengan cari aman ğŸ˜­",je
73,1534107866872680449,Septa Latief Nugraha,,2022-06-07 09:39:52,SL_Nugraha,"2 kegiatan yang diikuti oleh seluruh pegawai serta 53 orang Warga Binaan Pemasyrakatan (WBP) ini langsung diawasi Kalapas Lubuklinggau Ika Prihadi Nusantara serta tenaga medis Lapas Lubuklinggau Kemenkumham Sumsel.
@kumhamsumsel
@LPlubuklinggau
#KumhamSumsel
#lplubuklinggau","Lubuklinggau, South Sumatera"
74,1534090181996818432,RJtriwahyu,,2022-06-07 08:29:36,rjtriwahyu,RT @lpnbanyuasin: 3. Dokter atau tenaga kesehatan diklinik Lapas Perempuan Palembang Kanwil Kemenkumham Sumsel bisa melakukan pelayanan intâ€¦,Indonesia
75,1534088512017838080,Ewaeheyuedioeno,,2022-06-07 08:22:57,ewaeheyuedioeno,"2 kegiatan yang diikuti oleh seluruh pegawai serta 53 orang Warga Binaan Pemasyrakatan (WBP) ini langsung diawasi Kalapas Lubuklinggau Ika Prihadi Nusantara serta tenaga medis Lapas Lubuklinggau Kemenkumham Sumsel.
@kumhamsumsel
@LPlubuklinggau
#KumhamSumsel
#lplubuklinggau","Sumatera Selatan, Indonesia"
76,1534085655860768768,Jomblo Tapi Kece,,2022-06-07 08:11:36,KeceJomblo,"Puan mengingatkan pemerintah agar menyiagakan dokter anak dan tenaga medis lainnya di setiap daerah, serta mempersiapkan fasilitas kesehatan untuk skenario terburuk.",
77,1534084239175475201,Imam Sugma,,2022-06-07 08:05:59,Realimamsugma,RT @lpnbanyuasin: 3. Dokter atau tenaga kesehatan diklinik Lapas Perempuan Palembang Kanwil Kemenkumham Sumsel bisa melakukan pelayanan intâ€¦,"Kota Palembang, Sumatera Selat"
78,1534082403358363648,dino 99,,2022-06-07 07:58:41,dino9937962024,RT @lpnbanyuasin: 3. Dokter atau tenaga kesehatan diklinik Lapas Perempuan Palembang Kanwil Kemenkumham Sumsel bisa melakukan pelayanan intâ€¦,
79,1534075585919856641,DuwiDiandra,,2022-06-07 07:31:36,DuwiDiandra,"2 kegiatan yang diikuti oleh seluruh pegawai serta 53 orang Warga Binaan Pemasyrakatan (WBP) ini langsung diawasi Kalapas Lubuklinggau Ika Prihadi Nusantara serta tenaga medis Lapas Lubuklinggau Kemenkumham Sumsel.
@kumhamsumsel
@LPlubuklinggau
#KumhamSumsel
#lplubuklinggau",
80,1534073941173874688,Yudi Liansah,,2022-06-07 07:25:03,Yudi_Liansah,"kegiatan yang diikuti oleh seluruh pegawai serta 53 orang Warga Binaan Pemasyrakatan (WBP) ini langsung diawasi Kalapas Lubuklinggau Ika Prihadi Nusantara serta tenaga medis Lapas Lubuklinggau Kemenkumham Sumsel.
@kumhamsumsel
@LPlubuklinggau
#KumhamSumsel
#lplubuklinggau",Lubuklinggau
81,1534070443417608192,Lapas Lubuklinggau,,2022-06-07 07:11:10,LPLubuklinggau,"2 kegiatan yang diikuti oleh seluruh pegawai serta 53 orang Warga Binaan Pemasyrakatan (WBP) ini langsung diawasi Kalapas Lubuklinggau Ika Prihadi Nusantara serta tenaga medis Lapas Lubuklinggau Kemenkumham Sumsel.
@kumhamsumsel
@LPlubuklinggau
#KumhamSumsel
#lplubuklinggau https://t.co/iRlOqzLMJY","Sumatera Selatan, Indonesia"
82,1534056913024929792,Uby,,2022-06-07 06:17:24,rubypeachy,"@itsyoniverse Dan dia liat tenaga medis malah nyelamatin orang lain dulu (karena ada bapak2 yg mintol anaknya diselametin dulu), nah si bapak jadi dendam. Terus pas keluar penjara jadi nusuk si bapak yg nyelametin anaknya itu. Dan ternyata dia ga terbukti bersalah, con-",Kdramaland
83,1534035547127066625,ğ™‚ğ™ƒğ™Šğ™•ğ˜¼ğ™‡ğ™„,,2022-06-07 04:52:30,CahayaGhozali,"RT @bp2mi_ri: Apakah #SobatMigran tahu bahwa Jepang butuh tenaga kerja keperawatan, yaitu CPMI di bidang tenaga medis. Ketidakseimbangan reâ€¦",
84,1534033926250897408,Chalistamall,,2022-06-07 04:46:03,chalistamall,"#Jubahoperasi Jubah operasi
#Apdgown  Apd Gown
#surgicalgown  Surgical Gown
#Jubahoperasiterlaris 

Jubah operasi | Apd Gown | Surgical Gown | Jubah operasi terlaris| Chalista Mall

Untuk kaka tenaga medis yang butuh jubah operasi  berkualitas

Bisa klikğŸ‘‰ https://t.co/WyT8G3vlJd https://t.co/K6BGYjVWR4",
85,1534025259896016896,EdwarFeggy,,2022-06-07 04:11:37,EdwarFeggy,RT @antaranews: Foto: Seorang tenaga medis menyuntikan vaksin Cacar Monyet (Monkeypox kepada warga di sebuah klinik yang dikelola oleh otorâ€¦,
86,1534021095644631040,antaranews.com,https://t.co/iAg2Vb9VcQ,2022-06-07 03:55:04,antaranews,"Foto: Seorang tenaga medis menyuntikan vaksin Cacar Monyet (Monkeypox kepada warga di sebuah klinik yang dikelola oleh otoritas kesehatan Kanada CIUSSS di Montreal, Quebec, Kanada)

https://t.co/utsRwDq9W3",NKRI
87,1534020191796854784,hanipaa,https://t.co/vPjUC6fyFE,2022-06-07 03:51:29,hnffhh_,RT @newsragen: RSUD dr. Soehadi Prijonegoro Sragen Dapat Limpahan Tenaga Medis https://t.co/6I0uGpQTFH https://t.co/a67nk6szTz,
88,1534001834377236481,Riku Okazaki,,2022-06-07 02:38:32,tangankiriku,"RT @cocomeeloonn: @AREAJULID susuk ga cuma buat kecantikan, tp bisa juga buat kekuatan, kesehatan dll, waktu jd tenaga medis di daerah pansâ€¦",
89,1533997247599243264,R.Kurniawan48,https://t.co/4MfO5M6Bue,2022-06-07 02:20:18,KurniawanRicho,RT @newsragen: RSUD dr. Soehadi Prijonegoro Sragen Dapat Limpahan Tenaga Medis https://t.co/6I0uGpQTFH https://t.co/a67nk6szTz,"Sragen, Jawa Tengah"
90,1533994791930736640,SRAGEN ASRI,,2022-06-07 02:10:33,newsragen,RSUD dr. Soehadi Prijonegoro Sragen Dapat Limpahan Tenaga Medis https://t.co/6I0uGpQTFH https://t.co/a67nk6szTz,"Sragen, Jawa Tengah"
91,1533988387111043072,Jawa Pos,https://t.co/zQIlbGPP2B,2022-06-07 01:45:06,jawapos,RSUD dr. Soehadi Prijonegoro Sragen Dapat Limpahan Tenaga Medis https://t.co/prsM37cg9b,Jakarta
92,1533985182109560832,Youwish,,2022-06-07 01:32:22,DalLuna20,"@ngalamfess * Skechers 600an - 1jtan (banyak digunakan nakes+tenaga medis awet syekali pdhl dipake muteri RS ğŸ˜‚, fix uenak bgt buat lari g slip+ enteng)

* Adidas ortho, uenteng poool kyk g pake sepatu. Harganya sekitar 900+++",Gryffindor common room
93,1533970449541263360,dinkesjatengprov #JatengGayeng,https://t.co/TELDbzmTtJ,2022-06-07 00:33:49,dinkesjateng,"Bagi tenaga medis di faskes, yuk ikuti seminar kesehatan dengan tema ""Indonesia Sehat dan Mandiri dengan Fitofarmaka"".
Kalau gak bisa masuk, tenang ada live streaming di https://t.co/PjRLsOoENx atau youtube channel RSUD Bung Karno Kota Surakarta..

#fitofarmaka
#seminarkesehatan https://t.co/1ETIK576CE",Jl.Piere Tendean No.24
94,1533968359477288961,JuntaksHutabulu15,,2022-06-07 00:25:31,JHutabulu15,"@JihanMila0 Semoga Tuhan membantu para tenaga medis dan dokter untuk melancarkan semua proses operasinya mbak, dan anak lahir dengan selamat dan sehat begitu jg dengan ibunya. AminğŸ¤²ğŸ˜‡",
95,1533883595164553216,anakmamah,,2022-06-06 18:48:41,midlelifecrisis,"@collegemenfess Saran aja nder coba di kasih pengertian adiknya, bukan berarti membedakan. tenaga medis nantinya di kasih tanggung jawab buat diagnosa pasien, misl salah diagnosa bisa jadi membahayakan. Apa lagi gejala2 penyakit erat kaitannya sama warna...",
96,1533832360159956993,JPNN.com,https://t.co/bouVMxnbJE,2022-06-06 15:25:06,jpnncom,"Wagub NTB Rohmi mengejar peningkatan kualifikasi tenaga medis, targetnya jelas dan terukur #wakilgubernurNTBRohmi https://t.co/KUzfffj8qd",Indonesia
97,1533797581792260096,Jaminan Kesehatan Jakarta,https://t.co/4einYNYGHu,2022-06-06 13:06:54,jamkesjakarta,"Unit Pengelola Jaminan Kesehatan Jakarta Dinas Kesehatan Provinsi DKI Jakarta membuka rekrutmen Tenaga Ahli untuk posisi:

1. Verifikator Medis &amp; Analis Klaim
2. Programmer
3. Aktuaris

Informasi lebih lengkap dan jelas dapat mengunjungi :
https://t.co/jZBGvAujJo https://t.co/ArDgyEcZEb",DKI Jakarta
98,1533771101331140608,Roy M Nasution,,2022-06-06 11:21:41,RoyMNasution3,"RT @ryorossi4689: Tenaga medis china datang untuk menggantikan tenaga medis honorer
Pribumi indonesia.
Selamat datang semoga succes mengeruâ€¦",
99,1533765538668679175,sKartodiwirjo,https://t.co/bNXY5LTTg1,2022-06-06 10:59:35,sktdwrjo,"RT @ryorossi4689: Tenaga medis china datang untuk menggantikan tenaga medis honorer
Pribumi indonesia.
Selamat datang semoga succes mengeruâ€¦","38.90929Â° N, 77.07478Â° W"
100,1533763833596063744,R10'@rosscal,https://t.co/eFavjHHxnO,2022-06-06 10:52:48,ryorossi4689,"Tenaga medis china datang untuk menggantikan tenaga medis honorer
Pribumi indonesia.
Selamat datang semoga succes mengeruk kekayaan rakyat indonesia dgn bisnis kesehatan di republik pak @luhut_binsar.
#BisnisBangsatBangsa 
#BisnisBangsatBangsa https://t.co/2rXUIcxc18",DKI JAKARTA
101,1533760195729707008,Daddyboo,,2022-06-06 10:38:21,cocomeeloonn,"@AREAJULID susuk ga cuma buat kecantikan, tp bisa juga buat kekuatan, kesehatan dll, waktu jd tenaga medis di daerah pansel, sebelum observasi sering pasien bilang klo pake susuk, krna daerah situ buadaya kejawennya masih kental, aku tanya susuk buat apa jawabnya biar kuat kalo ke,-",404 not found
102,1533746842655408128,KING TAEYEON,https://t.co/1F5J9yoofl,2022-06-06 09:45:17,wibukpopers,"Kontribusi Sakura antara lain: menyembuhkan Kankuro, mengalahkan Sasori, tenaga medis utama Perang Dunia Ninja, dan juga on-site doctor bagi Naruto dkk ketika perang mati-matian lawan Madara. Ayok wibu-wibu ini jangan cuma meminang waifu aja tapi juga jangan jadi misoginis dongğŸ¥±",KWANGYA
103,1533726346647867392,Achmad Misrin,,2022-06-06 08:23:50,Achmad_Misrin80,"anggaran negara sebegitu besarnya, tepat sasaran kah?? dlm kadus covid siapakah yg diuntungkan dlm bisnis misalnya penyedia PCR, tenaga medis, bansos dll https://t.co/Mk7uN0zSbI",
104,1533682015387942912,meonk.hoek,,2022-06-06 05:27:41,Aaditya_pp,"@Syifafz97 @gielanggs Wkwkwk, kasih tau aja Syif. Silahkan anda urus diri sendiri, gk usah minta bantuan tenaga medis ya...",Indonesia
105,1533656919675613184,ã‚¢ãƒ¤,https://t.co/lkn7LKpCKC,2022-06-06 03:47:58,aya_kagerou,"Ternyata banyak WWWWWWW, lamaÂ² dibuat peraturan nih ""seluruh tenaga kerja medis, dilarang mempunyai tiktok"" atau selama jam kerja hp dikumpulin sama head nurse, simpen di loker atau apa kek, kek jaman kuliah pas ujian, hp taro di meja dosen https://t.co/cq03tJHXuY",Indonesia
106,1533595848638345216,Chalistamall,,2022-06-05 23:45:17,chalistamall,"#Jubahoperasi Jubah operasi
#Apdgown  Apd Gown
#surgicalgown  Surgical Gown
#Jubahoperasiterlaris 

Jubah operasi | Apd Gown | Surgical Gown | Jubah operasi terlaris | Chalista 

Untuk kaka tenaga medis yang butuh jubah operasi  berkualitas.

Bisa klikğŸ‘‰ https://t.co/WyT8G3eiHd https://t.co/jL9iA5y3fR",
107,1533577024773623809,ğŸ…¾ğŸ†ğŸ…°ğŸ…½ğŸ…¶ ğŸ…¶ğŸ…¸ğŸ…»ğŸ…°,,2022-06-05 22:30:29,iyaiyoswayne90,"RT @SantapanRohani: ""Kesembuhan bagi Seluruh Dunia"" - Tersembunyi dalam suatu jurang terpencil di kawasan barat Slovenia, berdiri sebuah ruâ€¦",
108,1533480188390289408,When you see sunnysnow,,2022-06-05 16:05:42,Sunnysnow_3,"@sbmptnfess Kalau ke negara yang membutuhkan/kekurangan tenaga medis, etiss bgt sih menurutku, krn untuk humanity hehe",
109,1533453872420638721,DOEA Basketball,,2022-06-05 14:21:08,doeabasketball,@sundingjalila Gara gara merekalah tenaga medis hingga guru meninggalkan Kabupaten Puncak dan ini menyebabkan layanan kesehatan dan pendidikan lumpuh,Sumatera42
110,1533453854397779969,DOEA Basketball,,2022-06-05 14:21:03,doeabasketball,@sundingjalila Gara gara merekalah tenaga medis hingga guru meninggalkan Kabupaten Puncak dan ini menyebabkan layanan kesehatan dan pendidikan lumpuh,Sumatera42
111,1533453557650755584,Soyaa,,2022-06-05 14:19:52,Soyaa994,@sundingjalila Cara terbaik adalah menangkap mereka karena mereka lah akar masalah yang menyebabkan tenaga medis dan guru semakin berkurang,
112,1533453538369470465,Soyaa,,2022-06-05 14:19:48,Soyaa994,@sundingjalila Cara terbaik adalah menangkap mereka karena mereka lah akar masalah yang menyebabkan tenaga medis dan guru semakin berkurang,
113,1533453468186181632,Asyifaa,,2022-06-05 14:19:31,Asyifaa_latif,@sundingjalila Gak akan pernah bisa para teroris menyediakan tenaga medis dan guru untuk anak anak papua toh mereka juga yang melakukan pembunuhan kepada mereka,Indonesia
114,1533453448284229633,Asyifaa,,2022-06-05 14:19:26,Asyifaa_latif,@sundingjalila Gak akan pernah bisa para teroris menyediakan tenaga medis dan guru untuk anak anak papua toh mereka juga yang melakukan pembunuhan kepada mereka,Indonesia
115,1533453054904741889,Aura Kila,,2022-06-05 14:17:53,kila_aura,@sundingjalila aksi KKB papua di wilayah puncak papua yg sering membunuh guru hingga tenaga medis berdampak sangat buruk untuk masyarakat papua,
116,1533453035065597954,Aura Kila,,2022-06-05 14:17:48,kila_aura,@sundingjalila aksi KKB papua di wilayah puncak papua yg sering membunuh guru hingga tenaga medis berdampak sangat buruk untuk masyarakat papua,
117,1533440412245164039,luls,,2022-06-05 13:27:38,ceritasisikanan,"lampu lampu tersebut terang, namun tak ada yang mampu menerangi kamar gita.

para tenaga medis sibuk lalu lalang, ada juga beberapa pengunjung/penjenguk/pembezuk yang datang dan pergi silih berganti.

mataku melirik curiga ketika melihat sekawanan suster yang lewat.",Republik inovasi
118,1533419004467253249,Flo,,2022-06-05 12:02:34,bidadaripemalu,"@NurAudia2 Tenaga medis mungkin? ğŸ˜ğŸ™

Btw, belum mutualan kita kak. ğŸ¤­",cahaya kehidupan
119,1533394552949977089,Lapas Narkotika Banyuasin,https://t.co/ES2lcK01mV,2022-06-05 10:25:25,lpnbanyuasin,"3. Dokter atau tenaga kesehatan diklinik Lapas Perempuan Palembang Kanwil Kemenkumham Sumsel bisa melakukan pelayanan intervensi medis apabila kondisi warga binaan gawat darurat. 
@Kemenkumham_RI
@kumhamsumsel @lpnbanyuasin #Latiba
#KumhamPasti
#KumhamSumsel
#HarunSulianto","Banyuasin III, Indonesia"
120,1533373066406928386,VOA Indonesia,https://t.co/GGHt3rML1N,2022-06-05 09:00:02,voaindonesia,"Perang di Ukraina telah merusak infrastuktur medis di negara itu. WHO melaporkan lebih dari 250 serangan terpisah terhadap sejumlah fasilitas dan tenaga kesehatan sejak awal invasi Rusia. 

https://t.co/Ct8DaWuxeE","Washington, DC"
121,1533325962389372928,SUNDING BIN JALILA,,2022-06-05 05:52:51,sundingjalila,"aksi KKB papua di wilayah puncak papua yg sering membunuh guru hingga tenaga medis berdampak sangat buruk untuk masyarakat papua
guru dan tenaga medis di papua jadi berkurang, sehingga menggangu aktifitas belajar dan pelayanan kesehatan
masyarakat papua terus jadi korban KKB !",
122,1533325959516266497,SUNDING BIN JALILA,,2022-06-05 05:52:51,sundingjalila,"atas apa yg sering di lakukan oleh kelompok kriminal bersenjata (KKB) papua yg sering membunuh guru, tenaga medis dan warga sipil di wilayah puncak papua, bupati puncak papua menantang KKB papua untuk menyediakan tenaga medis dan guru untuk anak anak papua
https://t.co/ezXlSWFPUW",
123,1533254981117087745,AkunJeri,,2022-06-05 01:10:48,akunJeriJK,"@BaseAnakFK dr hewan jg ga masuk tenaga medis ya, karna yg masuk it dr umum, dr spesilais, dr gigi, dr gigi spesialis. trs klo dr hewan itu tenaga apa",
124,1533253295892201472,Chalistamall,,2022-06-05 01:04:06,chalistamall,"#Jubahoperasi Jubah operasi
#Apdgown  Apd Gown
#surgicalgown  Surgical Gown
#Jubahoperasiterlaris 

Jubah operasi | Apd Gown | Surgical Gown 

Untuk kaka tenaga medis yang butuh jubah operasi  

Bisa klikğŸ‘‰ https://t.co/WyT8G3eiHd https://t.co/txpR0TV4L6",
125,1533100860339027968,Enamhurufnamadepan,https://t.co/lpBxi9092f,2022-06-04 14:58:23,conandhaddy,"RT @hrdbacot: Rame bet! Harusnya sejam doang bisa molor jadi 2 jam. Kira-kira kalo next kita undang speaker tenaga medis lagi, kalian mau bâ€¦",Rumah ke Rumah
126,1533094391359090688,ADP,https://t.co/Kaa7vTvyCu,2022-06-04 14:32:41,ahmad_deza,"RT @hrdbacot: Rame bet! Harusnya sejam doang bisa molor jadi 2 jam. Kira-kira kalo next kita undang speaker tenaga medis lagi, kalian mau bâ€¦","Jakarta, Indonesia"
127,1533092956315365376,Gumilang Prayoga,,2022-06-04 14:26:58,RGumilangHP,"@jankerzone @VIVAcoid Ada bukti/data bahwa hampir separuh tenaga administrasi adalah honorer sehingga kalau dihilangkan unit kerja bisa lumpuh? Honorer disini non tenaga medis dan guru ya, karena pemerintah punya program PPPK prioritas untuk mereka",Bogor - West Java
128,1533092471538085888,TXT dari Mesin TIK,https://t.co/eAxEfvl6e8,2022-06-04 14:25:03,txtdarimesintik,"RT @hrdbacot: Rame bet! Harusnya sejam doang bisa molor jadi 2 jam. Kira-kira kalo next kita undang speaker tenaga medis lagi, kalian mau bâ€¦",
129,1533086822925971456,HRD juga buruh,https://t.co/zRmNX6hp9n,2022-06-04 14:02:36,hrdbacot,"Rame bet! Harusnya sejam doang bisa molor jadi 2 jam. Kira-kira kalo next kita undang speaker tenaga medis lagi, kalian mau bahas apa? https://t.co/WvBiMPGf0m",Indonesia
130,1533080097032241152,BP2MI,https://t.co/a2T0FZGtej,2022-06-04 13:35:53,bp2mi_ri,"Apakah #SobatMigran tahu bahwa Jepang butuh tenaga kerja keperawatan, yaitu CPMI di bidang tenaga medis. Ketidakseimbangan rentang usia di Jepang, yaitu bertambahnya usia tua, serta berkurangnya usia muda produktif, menyebabkan tenaga bidang keperawatan semakin dibutuhkan.","Jakarta Selatan, DKI Jakarta"
131,1533077966842109952,Adindra Myles ğŸ“ Venice,,2022-06-04 13:27:25,rintikruai,"â €

Adindra, 1997.
Seorang tenaga medis juga, masih KOAS kebetulan sebagai dokter anak. Mbak Ainun namanya bagus sekali.

â € https://t.co/rQtrjHu3wM","
Hidup tlah di tambatkan berlabuh di pantaimu @JoonathankimğŸ’™, kisahnya ada di Ibu Kota Jakarta. dapat di temui juga di RS atau ruang rekaman. nsfw

"
132,1533061524839084032,SUNDING BIN JALILA,,2022-06-04 12:22:05,sundingjalila,"padahal pemerintah puncak papua udah di lakukan pendekatan komunikasi tapi masih juga tetap tidak berubah tetap membunuh guru, tenaga medis hingga warga sipil dan mengancam gubernur dan para asn
aksi KKB ini bukan perjuangan Papua merdeka, ini udah murni kiriminal ! https://t.co/xbvAqpdDxD",
133,1533036877694898176,Berita Terkini,,2022-06-04 10:44:08,21BeritaTerkini,Tiga Tenaga Medis di AS Kritis Akibat Ditikam Seorang Pria https://t.co/O3kjlqZ4kz,
134,1533034555430825984,Gilang Dwi,,2022-06-04 10:34:55,gdwi164,"RT @SammiSoh: Dilarang Menangis

Tim medis Wuhan dihormati spt pahlawan di sepanjang jalan. Tdk satu pun tim medis ini menerima gaji dlm akâ€¦",
135,1533032530659913728,#NKRI,,2022-06-04 10:26:52,SammiSoh,"RT @SammiSoh: Dilarang Menangis

Tim medis Wuhan dihormati spt pahlawan di sepanjang jalan. Tdk satu pun tim medis ini menerima gaji dlm akâ€¦",SammiSoh@protonmail.com
136,1533011874811367425,bangsaonline,http://t.co/chGfapgEHg,2022-06-04 09:04:47,bangsaonline,"Pembunuhan Massal di AS, Ada yang Cari Sensasi, Ada yang Kecewa pada Tenaga Medis
https://t.co/cw1AKYwTuG

Follow di google berita : https://t.co/NfEcdo46tG
#beritaviral #berita #news #bangsaonline https://t.co/k2cB2YY0El",Jalan Gayungsari IX/5 Surabaya
137,1533008633444720645,á¯áªá°,,2022-06-04 08:51:54,Otefas1,"https://t.co/KSuRLt3ECn

* ğŸ‡¬ğŸ‡·
* ğŸ‡ªğŸ‡¬
* ğŸ‡²ğŸ‡¨
* ğŸ‡¸ğŸ‡¦

Tau Sendiri, Mami, Berapa Biaya ""Operasi 24"" Di https://t.co/VaagPFZua6 , Harus Memanggil ""Tenaga Medis"" Dokter Spesial Bagian ""Pembedahan"" , Baru Dapat Jawaban Nya, Mami ... âœ¨

Hahahahaha ... Amin Papi ... ğŸŒ¸

( ğŸ‘½ ) https://t.co/cTp7xTKCVm",
138,1532992994411880448,Zuha,https://t.co/UH7Blvf6xk,2022-06-04 07:49:46,Khjuha,"@kimshongjoong @najaemf @SUQGHOON @hirozse @qeeisa Tak menunggu lama, agent juel datang diikuti tenaga medis. Tanpa sempat bertukar kata, para korban segera dievakuasi menggunakan tandu dengan Dean memimpin lewat komunikasi, sebab beberapa bagian gedung mengalami kerusakan parah https://t.co/cnvE5yp8uu","IV, COSCA. IRREGULAR. "
139,1532971802208927744,Republika.co.id,https://t.co/0oHVjg8JGW,2022-06-04 06:25:33,republikaonline,Alat kesehatan di KKIH kembali dipersiapkan untuk mendukung kelancaran ibadah Haji. https://t.co/mpW9Ctd59I,"Jakarta, Indonesia"
140,1532969921562284034,#JANOSKIANS,,2022-06-04 06:18:05,chocolaxxte,"@ohmybeautybank tergantung tempat, jenis behel, dan tenaga medis yg handle (dokter gigi/spesialis ortho--spesialis lebih mahal); range harga &gt;3jtan; ga bisa di puskesmas.",
141,1532962514685730816,Notalwaysgood,,2022-06-04 05:48:39,Notalwaysgood1,@medanfess_ Ke Ukraina la wak.. Butuh tenaga medis mereka,
142,1532958397309411329,Dark Country4332_LLG,,2022-06-04 05:32:17,DarkCountry4332,@sikodoksakit herannya ada tenaga medis yang joged joged setelah sukses memvaksinasi orang orang,
143,1532945337455120384,ipâ˜ï¸,,2022-06-04 04:40:23,17lovelyyy,"@berajax @jsrrreta @tvindonesiawkwk Lagian g dikasih kesempatan pun gakan kekurangan tenaga medis yg mumpuni, masih banyak nakes dan calon nakes yg kompeten dan ya emg beneran mau mengabdi + kerja profesional. Jd stop gitu notmalisasi kasih simpati sm yg jls jls salah dan jelas merugikan",
144,1532920427957596160,Prisilia,,2022-06-04 03:01:24,prisiliara,"@ArriefJr @sdenta ASI tu yang mahal kayaknya waktu, tenaga, dan kewarasan ibunya ya? Hhe.. tapi setuju, perlu dibuat studinya secara ekonomi/sosial, biar bisa jadi tambahan rekomendasi kebijakan untuk mendukung ibu menyusui dan valid argumennya, ga anekdotal. Kalo secara medis kayaknya udah cukup.",Indonesia
145,1532914263375122432,Prisilia,,2022-06-04 02:36:55,prisiliara,"ASI tu yang mahal kayaknya waktu, tenaga, dan kewarasan ibunya ya dok? Hhe.. tapi setuju, perlu dibuat studinya secara ekonomi/sosial, biar bisa jadi tambahan rekomendasi kebijakan untuk mendukung ibu menyusui. Kalo secara medis kayaknya udah cukup banyak studinya soalnya ya. https://t.co/jTDyEmhDLv",Indonesia
146,1532890371193458688,Chalistamall,,2022-06-04 01:01:58,chalistamall,"#Jubahoperasi Jubah operasi
#Apdgown  Apd Gown
#surgicalgown  Surgical Gown
#Jubahoperasiterlaris 

Jubah operasi | Apd Gown | Surgical Gown

Untuk kaka tenaga medis yang butuh jubah operasi  berkualitas

Harga super murah mulai dari 18ribuan,

Bisa klikğŸ‘‰ https://t.co/WyT8G3eiHd https://t.co/PRFdqX1DV5",
147,1532879598496935936,matcha mochi,,2022-06-04 00:19:10,suyafei_,"@indocringe_ Intinya mau kerja apa dulu. Kalo mau kerja di profesi yg butuh sertifikasi (tenaga medis, psikolog, bidang hukum, aktuaris, dll), jangan ngarep gamau kuliah. Heran orang orang pikirannya uang terus",
148,1532874944291684353,Najib Burhani,https://t.co/RyemPF4tos,2022-06-04 00:00:40,Najib_BRIN,"RT @najib_lipi: UPACARA KEMATIAN: Pudar di Tengah #COVID19

Banyak korban Covid dikubur tanpa ritual yg layak. Kecuali orang terkenal &amp; tenâ€¦",
149,1532773696339062784,Putra Jambi,,2022-06-03 17:18:21,PutraJa50290330,@desigatalan Selamat bertugas tenaga medis,
150,1532772476719366144,zzzyyyy,,2022-06-03 17:13:30,seasaltoceana,@indocringe_ Ga semua orang punya cita cita sependek lu. Lo kiraaaa tenaga medis gimanaa bisa di rs kalau ga kuliah? Pake ijazah smp? Bdh,
151,1532747902694457345,ğ’Ã©lline ğ’œlmaas.,,2022-06-03 15:35:51,SENDRATARl,"ã…¤ 

Bahkan dengan sengaja CÃ©lline malah memilih hal lain yang tak akan ada sangkut pautnya dengan tenaga medis ataupun hal lain yang bisa membuatnya terjun dalam bisnis keluarga itu. 
ã…¤ 
ã…¤",She's clarity and confusion. Never enough. Always A simple too much. complicated perfectly flawed mess.
152,1532737044359049219,Ramerebrawes,,2022-06-03 14:52:42,ramerebrawes,"@jpnncom korupsi dan izin2 SDA perusahaan asing!!!

sa sbg nakes jg masi trauma deng aksi OPM di thn 2018 di nduga opm culik 15 guru dan tenaga medis selama dua minggu bhkn satu guru diperkosa bergiliran lalu di des 2018 opm ada bantai 19 pekerja jalan!! Bukti OPM mmg ingin kitong warga",
153,1532735130044813312,elabowire,,2022-06-03 14:45:06,elabowire,"@jpnncom korupsi dan izin2 SDA perusahaan asing!!!

sa sbg nakes jg masi trauma deng aksi OPM di thn 2018 di nduga opm culik 15 guru dan tenaga medis selama dua minggu bhkn satu guru diperkosa bergiliran lalu di des 2018 opm ada bantai 19 pekerja jalan!! Bukti OPM mmg ingin kitong warga",
154,1532717320258605056,achaà­§â¤âƒğŸŒº,,2022-06-03 13:34:20,nunaraesa,RT @mwv_mystic: Rumah sakit dan tenaga medis bisa dibilang tidak ada di kampung kala itu. Warga pun lebih memilih pengobatan alternatif ketâ€¦,Indonesia
155,1532716173535883265,Kurger Bing,,2022-06-03 13:29:46,mater_welon90,"Bahkan sampe bikin repot universitasnya, belum lagi orangÂ² yang jadi ogah berurusan dengan tenaga medis. Nila setitik rusak susu sebelangga. 
""Gegara satu atau dua orang aja kok""
Ya masalahnya, itu yang baru ketauan bahlulnya. Masih banyak lagi cuma ga viral.",Indonesia
156,1532706932707823616,O N A N N A,https://t.co/YdInO1I2kB,2022-06-03 12:53:03,waaatsmyname,"@svcnow Biasanya karena lokasi, tenaga medis, dan fasilitas di tempat kaka yang kurang banyak klinik hewannya. Jadi buat nutupin operasional mereka. Kalau di jakarta klinik hewan tuh saingan kaya tetangga. Jd murah meriah.",Jakarta Capital Region
157,1532688339526352897,Frida,,2022-06-03 11:39:10,fridakritina,"@SuaraPapua kiri Inggris, Australian Greens, atau New Zealand Greens, yang dibekingi perusahaan besar yang mengincar SDA Papua. Disaat Separatis menyiksa 11 tenaga medis, melecehkan,",
158,1532684239757623298,haibunda,https://t.co/hbChFq3kLl,2022-06-03 11:22:53,haibundacom,"Foto-foto diduga tenaga kesehatan atau nakes mendekatkan masker ke wajah bayi dan memencet pipi bayi viral di media sosial, Bunda. https://t.co/qaajkZQvds",Indonesia
159,1532662415719952386,i'm not relate to you,,2022-06-03 09:56:10,sparklycomet,"RT @panggil_vira: @dolunaylady @msarwan99 @hiimtyaa @afrkml @AREAJULID Tu pas kasus dokter cowok aja pada teriak2 ""PELECEHAN"".

Giliran siâ€¦",N City Prairie
160,1532662284492779521,Indahhhh,https://t.co/A5ulOkTgEZ,2022-06-03 09:55:38,indahadrr,"RT @sjuinz: @AREAJULID makin hari makin banyak tenaga medis(bener kan ya?) Yang apaÂ² buat konten, padahal harusnya mereka ngerti kalau profâ€¦",
161,1532632576392716289,Benita,,2022-06-03 07:57:35,Boni_ania,"â€œSaya mengingatkan pemerintah agar terus berkoordinasi dengan WHO. Pemerintah melalui Kemenko PMK juga perlu mengoordinasikan sumberdaya seperti kebutuhan  &amp; tenaga medis lain di setiap daerah, &amp; persiapkan fasilitas kesehatan untuk skenario terburuk.â€ â€“ Puan Maharani Puan PM",
162,1532632450588741633,Heirien,https://t.co/TfzulJvibv,2022-06-03 07:57:05,HE1RI3N,"Dilatasi dan kuretase. Prosedur pengeluaran jaringan dari dalam rahim menggunakan alat pengikis dinding rahim yang hanya dilakukan oleh tenaga medis terlatih. 

Hwx ingat perasaan ngilu yang dirasakannya saat pernah tidak sengaja membaca prosedur tersebut dari sebuah buku.",
163,1532629986976604161,Septya Monita,https://t.co/Fj14bATkhF,2022-06-03 07:47:18,septyamonita,"@AREAJULID Mdh mdhan kasus yg kaya gini bisa jd pembelajaran karna nakes &amp; tenaga medis lainnya masih banyak yg baik, sopan, tulus:))",where is it
164,1532603772437860352,Hamra,,2022-06-03 06:03:08,Ossibisa2020,"@Delta_tofu @fvcksynkills @elangmata @MartaArdy Dulu sih ngak ancaman bagi negara ..paling daerah tertentu saja yg kena langsung diisolasi ..... kalo sekarang ini susah ..dlockdown biayanya mahal .... makanya covid ini mrupakan ancaman bagi negara ..tdk hanya dokter dan tenaga medis aja polri , TNI serta BIN juga turun tangan",
165,1532587819759153153,Part 2,,2022-06-03 04:59:44,lusiaanifa,Emang sih si oknum ini dah lama gak ngeshare igstory kayak gitu lg. But we never know what's behind. Semoga beneran udah sadar bin insyaf gak ngelakuin itu lagi. Btw si oknum yg w maksud yaaa pastinya tenaga medis yg menangani bayi dan ibu2 hamil dan melahirkan ya,
166,1532580085152481280,o.o,,2022-06-03 04:29:00,slmhanii,"Dahlahhhhh, tenaga medis paling oke cuma di RS Yulje ğŸ‘ https://t.co/OOdovhUiqh",bluemoon
167,1532538133589671936,Devarleâ·,,2022-06-03 01:42:18,Areumdalu08,Tp tetep aja kakakku nolak. Waktu aku tanya kenapa jawabannya karena dia gasuka sama oknum2 tenaga medis yang kalo di depan pasien baik2 tapi di belakang malah suka gibahin pasienğŸ™ƒ terus dia milih buat lanjutin S2 dia di PTN di Jakarta. Alhamdulillah sekarang malah jadi dosen ğŸ˜‚,
168,1532526440843194368,ouch-mybackbone,,2022-06-03 00:55:51,matagajah_,@invisiblechara @Askrlfess Is tenaga medis jdi berasa ga reliable lagi,nowhere
169,1532521538649346049,Victoriaâ· #PROOF,,2022-06-03 00:36:22,Mrs_Kim_123095,@ozzyprtma @pokonyamiripni_ @sambatterusyuk Ya terus maksudnya karena saya halu dan menurut masnya saya kena mental illness terus saya harus cek ke tenaga medis profesional gitu? Seakan-akan orang halu itu semuanya sakit. Terus gak mau tau pandangan orang lain tentang arti halu itu gimana.,she/her
170,1532521518428610560,Aviola,https://t.co/NNJjclT9Ek,2022-06-03 00:36:17,Aviolanrlm,"@jinjkmyfav @redbabybreaths @JennyJusuf Definisi tenaga medis goblok. Dah mb plg aja ke rumah. Bikin anak sndr, trs uyel2 tuh anakmu sndr",
171,1532520585699262464,ğŸ¦©ğŸª·âœŒï¸âˆê‰£ê’ê‹Šê€˜â‚*â‚â–½â–¡â™¡,,2022-06-03 00:32:35,Rahmahpink22,"Niat hati ke tenaga medis buat sehat bukan buat di gunjing
Untung belum ada berita 'pengurus jenazah julid'
Kalo ada, berarti emang gak punya empati dan sisi kemanusiaan",.âŒ’á´—âŒ’.â€¢á´—â€¢ -ã……- ^â™¡^ â€¢á·„Éâ€¢á·… ^â–¡^ OJO
172,1532520583237206016,ğŸ¦©ğŸª·âœŒï¸âˆê‰£ê’ê‹Šê€˜â‚*â‚â–½â–¡â™¡,,2022-06-03 00:32:34,Rahmahpink22,"Ya masyarakat selain ga dekat sama polisi, ya sama nakes
Akhirnya banyak yg memilih merawat diri sendiri, sampai yg datang ke RS cuma orangÂ² yg kritis krn lambat penanganan
Ada loh tipe orang yg ke tenaga medis harus pikir berulang kali krn faktor kekurangan dirinya https://t.co/7rjIsOxwad",.âŒ’á´—âŒ’.â€¢á´—â€¢ -ã……- ^â™¡^ â€¢á·„Éâ€¢á·… ^â–¡^ OJO
173,1532516039132848128,ğŸ‘½,,2022-06-03 00:14:31,ruthinitas,"RT @sjuinz: @AREAJULID makin hari makin banyak tenaga medis(bener kan ya?) Yang apaÂ² buat konten, padahal harusnya mereka ngerti kalau profâ€¦",
174,1532514669386407936,Chalistamall,,2022-06-03 00:09:04,chalistamall,"#Jubahoperasi Jubah operasi
#Apdgown  Apd Gown
#surgicalgown  Surgical Gown
#Jubahoperasiterlaris 

Jubah operasi | Apd Gown | Surgical Gown

Untuk kaka tenaga medis yang butuh jubah operasi  berkualitas

Harga super murah mulai dari 18ribuan,

Bisa klikğŸ‘‰ https://t.co/WyT8G3eiHd https://t.co/IBPcnFqfaJ",
175,1532491867085975553,dwi,,2022-06-02 22:38:28,urwande,RT @bacematcha: Tolong ya para rumah sakit dan tenaga medis. Jgn cm kita sbg pasien yg selalu lu jejelin x banner pemberitahuan dilarang meâ€¦,
176,1532482761792966656,yanney008,,2022-06-02 22:02:17,yanney0081,RT @bacematcha: Tolong ya para rumah sakit dan tenaga medis. Jgn cm kita sbg pasien yg selalu lu jejelin x banner pemberitahuan dilarang meâ€¦,
177,1532414336169562112,Fir__,https://t.co/1Rp2Y7WBGw,2022-06-02 17:30:23,pmanlixious,RT @bacematcha: Tolong ya para rumah sakit dan tenaga medis. Jgn cm kita sbg pasien yg selalu lu jejelin x banner pemberitahuan dilarang meâ€¦,"Bekasi, Jawa Barat"
178,1532407506789896192,pemecah kuaci,,2022-06-02 17:03:15,eunikero,RT @bacematcha: Tolong ya para rumah sakit dan tenaga medis. Jgn cm kita sbg pasien yg selalu lu jejelin x banner pemberitahuan dilarang meâ€¦,Jakarta
179,1532406932727660544,Krisna Erlangga,,2022-06-02 17:00:58,KrisnaERLG,RT @bacematcha: Tolong ya para rumah sakit dan tenaga medis. Jgn cm kita sbg pasien yg selalu lu jejelin x banner pemberitahuan dilarang meâ€¦,the lakes
180,1532406736199421963,cemcem,,2022-06-02 17:00:11,bacematcha,"Tolong ya para rumah sakit dan tenaga medis. Jgn cm kita sbg pasien yg selalu lu jejelin x banner pemberitahuan dilarang memfoto/memvideo aktifitas tindakan medis blablabla, sesuai UU sekian sekian.
Giliran pihak internal lu aja, kelakuan bermedsosnya lebih dajjal gak ada adab.",
181,1532395414799781889,joya,https://t.co/d1m2qnxoSk,2022-06-02 16:15:12,thisurjoy,"Temen2 maaf ya, kondisiku akhir2 ini lagi kurang bagus. Dan terpaksa jg aku harus konsul ke tenaga medis beberapa kali. Jadi aku izin absen lagi. Mohon maaf sekali lagi. Kalian sehat2 ya, harus bahagia pokoknya!ğŸ’œ",
182,1532394415192301568,Orang Gila,,2022-06-02 16:11:13,RafiRover,"Dalam sakitnya anaku ini Alhamdulillah banyak sekali kawanku yg perduli, mulai dari tenaga medis maupun yg non medis
Banyak sekali saran yg diberikan kepadaku untuk kesembuhan anaku, sampai-sampai aku bingung harus ikuti yang mana
Sudah pasti tenaga medislah yg aku ikuti",REPUBLIK KIDAL
183,1532394312511913984,@GosipTerbaru,,2022-06-02 16:10:49,GosipTerbaru3,"@FARIZHELMY1 @ChusnulCh__ Mudah2an Cebong tidak gila massal, kasihan tenaga medis. Cukuplah wabah covid 19 membuat mrk lelah berkepanjangan",
184,1532369263041753088,BISSMILLAHHH,https://t.co/OxfyjE03aU,2022-06-02 14:31:17,binibangmphi,"RT @sjuinz: @AREAJULID makin hari makin banyak tenaga medis(bener kan ya?) Yang apaÂ² buat konten, padahal harusnya mereka ngerti kalau profâ€¦",Indonesia
185,1532368342375596034,Nabillah NA,,2022-06-02 14:27:37,NabillahNA2,"3. Dokter atau tenaga kesehatan diklinik Lapas Perempuan Palembang Kanwil Kemenkumham Sumsel bisa melakukan pelayanan intervensi medis apabila kondisi warga binaan gawat darurat. 
@PalembangLpka
#LpkaPalembang
#HarunSulianto",
186,1532359454921875456,à­§â¤âƒâ‰®î¨€,https://t.co/VGnZUIqQD5,2022-06-02 13:52:18,WineLabu,@katahatimakemak @ernestprakasa Lgi tren apa ya?? Aku jga kmren sempet liat ssan entah perawat atau dokter (tenaga medis) ngomongin soal pengalamannya meriksa pasien beda jenis kelamin...,twitter
187,1532357513089527808,acha,,2022-06-02 13:44:35,pinkeulotus_,"RT @sjuinz: @AREAJULID makin hari makin banyak tenaga medis(bener kan ya?) Yang apaÂ² buat konten, padahal harusnya mereka ngerti kalau profâ€¦",
188,1532356077009788929,Killua,https://t.co/hSlNRQvc8r,2022-06-02 13:38:53,chasseurmord,"Tak ada yang lebih mengerikan bagi Killua selain kehilangan sosok yang ia sayangi. Temannya, Gon, tengah sekarat di salah satu rumah sakit yang dinaungi oleh asosiasi hunter. Tenaga medis hampir menyerah untuk menolong.
+",PROcMAG; Poin: 1881
189,1532341930096349184,Mas_Echo,,2022-06-02 12:42:40,ang_kecil,"@tanyakanrl Kemaren tenaga medis,, skr barista,, besok apalagi ini,,,

Pertanyaannya,,,,

Apakah good attitude sudah hilang dr mereka mereka itu??? ğŸ˜¥","ÃœT: -6.2069099,106.7913297"
190,1532341331174993921,kirainsiapa,,2022-06-02 12:40:17,eeee_yuni,"RT @UnalaYouth: Pelecehan seksual oleh seorang tenaga medis adalah pelanggaran serius terhadap kepercayaan, etika medis, dan hukum. https:/â€¦",Jombang
191,1532341323562622976,Windy56,,2022-06-02 12:40:15,Windyas51,"@amnestyindo kiri Inggris, Australian Greens, atau New Zealand Greens, yang dibekingi perusahaan besar yang mengincar SDA Papua. Disaat Separatis menyiksa 11 tenaga medis, melecehkan, memperkosa,",
192,1532339123867951104,Babaali,,2022-06-02 12:31:31,Babaali37965845,"@mas_prasetiyo Di seantero jagat, tentang profesi medis pun banyak juga yg prihatin (termasuk yg prihatin adalah tenaga medis sendiri, yg masih punya integritas )

https://t.co/pq3mGbGMoV",
193,1532338740345307136,Ery,,2022-06-02 12:29:59,errywr,@senjalang @JennyJusuf Jepang sama Jerman lagi butuh tenaga medis terutama perawat kak. Mereka juga buka lowongan buat perawat dr Indonesia. Gajinya sampe puluhan juta,
194,1532338258361085957,aB,,2022-06-02 12:28:04,Sigit94094181,"@merapi_uncover @jogjadotnet Mbok ya kalo cuma mau viral ki mbok iyaoo pda tempatnya....tenaga medis,masa kayak begtu...ğŸ™„",
195,1532337916055199744,Nova,https://t.co/QOd3jqKnzA,2022-06-02 12:26:43,supernovakuu,"RT @UnalaYouth: Pelecehan seksual oleh seorang tenaga medis adalah pelanggaran serius terhadap kepercayaan, etika medis, dan hukum. https:/â€¦",
196,1532336232931348480,UNALAâ„¢,https://t.co/S6J4zVHiHH,2022-06-02 12:20:02,UnalaYouth,"Pelecehan seksual oleh seorang tenaga medis adalah pelanggaran serius terhadap kepercayaan, etika medis, dan hukum. https://t.co/M3azdD7GH6","Yogyakarta, Indonesia"
197,1532329377358553092,WINDY!,,2022-06-02 11:52:47,aquillawindyy,"@AREAJULID untuk para tenaga medis, kalian benar2 sangat berfungsi loh dibidang kesehatan, tolong lah kasi contoh yg baik, kalian wajib bisa show to us abt administer for the health and wellbeing of humans. bukan malah melakukan tindakan yg bener2 low quality. dahulukan profesionalisme.",ğ”€ğ“¸ğ“·ğ“­ğ“®ğ“»ğ“µğ“ªğ“·ğ“­
198,1532328706290569221,Ragilanggoro,,2022-06-02 11:50:07,Ragilanggoroi,@Mulalt_ lo ngomongin pelanggaran HAM tp ga prnh bahas aksi2 OPM yg jelas trmsuk pelanggaran HAM berat! OPM di thn 2018 di nduga opm culik 15 guru dan tenaga medis selama dua minggu bhkn satu guru diperkosa bergiliran lalu di des 2018 opm ada bantai 19 pekerja jalan!! Bukti OPM mmg ingin,
199,1532327836656078848,ğŸ‡®ğŸ‡© YUNANKINGSTAR1 ğŸ‡®ğŸ‡©,https://t.co/m9TkoSoiQ1,2022-06-02 11:46:40,yunankingstar1,"https://t.co/8A5q6J0eQX

Ramai di media sosial membicarakan seorang tenaga kesehatan yang sedang memakai masker medis kemudian mendekati masker yang dipakai dengan wajah bayi.","Medan Kota, Indonesia"
200,1532318144408088576,Alan Nugrohadi,,2022-06-02 11:08:09,alanesia,RT @detikcom: Ramai di media sosial membicarakan seorang tenaga kesehatan yang sedang memakai masker medis kemudian mendekati masker yang dâ€¦,Indonesia
201,1532316760682430465,bukan Miyukay,,2022-06-02 11:02:39,bYangJungwon,"RT @sjuinz: @AREAJULID makin hari makin banyak tenaga medis(bener kan ya?) Yang apaÂ² buat konten, padahal harusnya mereka ngerti kalau profâ€¦",
202,1532315595772940289,detikcom,https://t.co/qldGGYWfHu,2022-06-02 10:58:01,detikcom,Ramai di media sosial membicarakan seorang tenaga kesehatan yang sedang memakai masker medis kemudian mendekati masker yang dipakai dengan wajah bayi. https://t.co/Cx6DmT8Jsn,"Jakarta, Indonesia"
203,1532309747273109506,sani ğŸ’,,2022-06-02 10:34:47,elorasunny,"@justordinaryfah @JennyJusuf serem....
takut bgt digibahin sama tenaga medis...",
204,1532303836773134336,entahlah,https://t.co/ND7GOETplu,2022-06-02 10:11:18,Adristy_,"@ernestprakasa Yang kaya gini biasanya cabut dari mata pelajaran kode etik tenaga medis, parah","Sragen, Indonesia"
205,1532302896565342208,entahlah,https://t.co/ND7GOETplu,2022-06-02 10:07:34,Adristy_,@AREAJULID Malu-maluin tenaga medis yang benar-benar profesional kerja,"Sragen, Indonesia"
206,1532301395529207813,ğŸ˜ª Maru Ra ğŸ’¤,,2022-06-02 10:01:36,edi_zugiarto,"Karena tidak semua suka d gituin,. Banyak yg liat dan jika salah satu yg melihat adalah pasien itu sendiri yg di dalam video adalah kamu, betapa kecewanya mereka terhadap kita tenaga medis.",Indonesia
207,1532294502412476418,ğŸŠ ggiâ· â€¢á·„Éâ€¢á·…,,2022-06-02 09:34:12,yoon_ggi,"@RJLetsGo Yatuhan aku bakal murka si misal anakku di gtuin.

Kenapa banyak tenaga medis alay si skrg bikin konten gajelas",she/her
208,1532291163750772736,sher ğŸ¾,https://t.co/ilpiVUGanM,2022-06-02 09:20:56,bjysikocheng,"@dwarfsphr Enaknya sih di do
Parah banget soalnya kalo tenaga medis mesum begitu",
209,1532291078241792000,PAIT_ğŸ’ŒğŸŒ™| ACTOR JAEHYUN,https://t.co/IeeZzh49Fl,2022-06-02 09:20:36,paitjay,"Kalau ada tenaga medis yang galak sama nyakitin hati sekarang gue gak ragu buat ngasih kritik laporin namanya atau lapor naik ke lantai 2. Pas itu kejadiannya sama kakak gue, kalau sama gue udah habis tuh perawat, dia yang salah malah play victimğŸ˜‚","4 sehat, jaehyun sempurna"
210,1532291015725715456,Hot Chocolate,,2022-06-02 09:20:21,aahistitoah,"Tenaga medis kena aja lagi, padahal yang salah karna salah satu oknum. Mmmmm","Jakarta Selatan, DKI Jakarta"
211,1532290056563867650,Hot Chocolate,,2022-06-02 09:16:32,aahistitoah,"@rryxbeehny @AREAJULID Bisa ngga sih mba kalo kerja ya kerja aja jangan buat konten, jadinya semua tenaga medis ini jadi kena karna salah satu oknum. Kesel deh","Jakarta Selatan, DKI Jakarta"
212,1532281350522572800,Puspenpolsek HornÃ­,,2022-06-02 08:41:57,_kijang1_,"@crazyoverhc @jigujellii @unisa_yogya Emg bener, pengalaman ngurus sodara dirawat di rs. Banyak tenaga medis kek tai. Minim empati dan komunikasi. Sayangnya masalah skill medis gua ga bisa menilai dia bener apa kaga","HornÃ­ Police, ÄŒeskÃ¡ republika"
213,1532279035078012928,ğŸ»ğŸ¿ï¸,,2022-06-02 08:32:44,dymiaw,"RT @sjuinz: @AREAJULID makin hari makin banyak tenaga medis(bener kan ya?) Yang apaÂ² buat konten, padahal harusnya mereka ngerti kalau profâ€¦",
214,1532277078371905536,ã‚„ã¾ã—ãŸ,,2022-06-02 08:24:58,asd_hyn,"Makin ke sini gua liat-liat kok banyak nakes yang kurang ajar demi konten. Kuliahnya ngapain aja? Cuma numpang titip absen apa gimana? Kan diajarin tentang kode etik, etika tenaga medis sama tentang yang namanya hak privasi pasien dan bahkan ada sumpahnya.","Jakarta, Indonesia"
215,1532268805266628608,I Win â™‰,,2022-06-02 07:52:06,heyychocoo,"@ramad1n415 @tanyakanrl Tp kalo menurutku ya wlwpun cm cerita ke org terdekat, perbuatan spt itu tetap sangat tidak etis. Tenaga medis kan urusannya membantu pasien utk sembuh bkn utk dibuat mainan itu sih namanya sembrono klo org jawa bilang. Jd jgn mentang2 cm cerita ke temen jd gapapa pasien digituin",
216,1532267999331160064,Babaali,,2022-06-02 07:48:53,Babaali37965845,"@t3luuur @MprAldo @GratisTerbaik @DokterTifa Di seantero jagat, tentang profesi medis pun banyak juga yg prihatin (termasuk yg prihatin adalah tenaga medis sendiri, yg masih punya integritas )

https://t.co/pq3mGbGMoV",
217,1532261747922378752,ans,,2022-06-02 07:24:03,anshardwork_c,inilah pentingnya percaya pada tenaga medis yang ahli https://t.co/Lkfw4Dq3ZE,
218,1532257191809662976,Koramil07mandiraja,,2022-06-02 07:05:57,Koramil07mdj,"Sinegritas Babinsa Koramil Mandiraja dan Bhabinkantibmas dalam pendampingan vaksinasi yang di lakukan tenaga medis PKM 2 kecamatan Mandiraja. (02/06)

#kodim_banjarnegara #babinsa0704 #babinsa
#bersamarakyattnikuat #tniad #tni #banjarnegara
#ichadhanang
#kabarkoramil #kabarkodim https://t.co/k58JYOlFdS",
219,1532257148054294529,B A J I B A ğŸ˜ˆ,,2022-06-02 07:05:46,thisonlyme_,"@JennyJusuf Mereka ini gak punya temen apa buat ngejulid, samapai di jadiin konten.. Kan bisa julid tuh ke sesama temen yg di sana ajaa publik gak ush tau.. Jadi gak percaya kan privasi kita sama tenaga medis kaya gini takut jadi konten",
220,1532256184962428929,sabil.,,2022-06-02 07:01:57,kyziss,"@JennyJusuf tolol anjg gapantes jdi tenaga medis model beginian, mending tenaga surya aja lu pekok",lonli teenager
221,1532253041134804992,âœ¨ judy âœ¨,,2022-06-02 06:49:27,winchivaaree1,@bearbwj aish kok banyak tenaga medis makin gblk krn konten,
222,1532250835916591104,chilu capek,,2022-06-02 06:40:41,choc0crush,@AREAJULID Mbaknya tolong dong ditindak tegas kalau bisa cabut STR atau suruh pengabdian ke pelosok. Emosi. Besok2 makin membludak trust issue sama perawat/tenaga medis. Bisa2 nanti lahiran pada balik lagi pake paraji,"Jawa Barat, Indonesia"
223,1532245645238489088,SEMOGA ITADORI YUUJI BAHAGIAğŸ™ğŸ»,,2022-06-02 06:20:04,HimeUzmk,"Najis. Darah tinggi gue liat org2 yg ngakunya ""tenaga kesehatan"" tp suka spal spil kondisi medis pasiennya di tiktok. Cuih. Najis.",Neverland 
224,1532245427399315456,Vira!,,2022-06-02 06:19:12,panggil_vira,"@rryxbeehny @AREAJULID Sumpah aku pun gedek bgt (wlo medis jg) sm yg bikin konten gini/ bikin konten macem kemarin.

Please lah klo kalian gak bisa ngasih edukasi/ manfaat buat masyarakat gak usah bikin konten yg ujung2nya bikin semua tenaga medis kena judge buruk hanya karena kelakuan 1-2 orang ğŸ˜©ğŸ¤¬.",EARTH
225,1532238214626324480,Victoriaâ· #PROOF,,2022-06-02 05:50:32,Mrs_Kim_123095,@ozzyprtma @pokonyamiripni_ @sambatterusyuk Kenapa halu saja harus pakai diagnose tenaga medis profesional supaya tau itu halu atau bukan?,she/her
226,1532238073576058881,Victoriaâ· #PROOF,,2022-06-02 05:49:59,Mrs_Kim_123095,"@ozzyprtma @pokonyamiripni_ @sambatterusyuk Saya halu saya yang rasain sendiri bukan orang lain, kok bilang sok tau? Saya ngerasanya halu saya gak menggangu, emang diagnose selaluperlu tenaga medis profesional? Kalau saya sakit saya sendiri langsung nyadar kok tanpa diagnose tenaga medis profesional",she/her
227,1532237478383747072,KÎ±rimÎ±h,https://t.co/KMnrNpnGCM,2022-06-02 05:47:37,sitikarimah,"@JennyJusuf Nakes lagi, save your thought for closed friends only please. Yang kayak gini kan oknum aja ya, jangan bikin yg lain jd nggak nyaman periksa ke tenaga medis pas ada keluhan dsb.",Jakarta
228,1532237454492569600,Victoriaâ· #PROOF,,2022-06-02 05:47:31,Mrs_Kim_123095,@ozzyprtma @pokonyamiripni_ @sambatterusyuk Anda tenaga medis profesional kah?,she/her
229,1532235628401700865,My Jar,,2022-06-02 05:40:16,shookettropy,Tenaga medis muda jaman sekarang meresahkan,
230,1532233742369947649,Rano Brata dull,,2022-06-02 05:32:46,ranobrata,@PPNIJawaBarat Maaf seperti itu kelakuan para tenaga medis bukankah kalian telah disumpah dan mempunyai kode etik,"Bandung, Jawa Barat"
231,1532231200378499072,dymplee â€¢â€¿â€¢,https://t.co/k2L9pULngu,2022-06-02 05:22:40,caraghdyy,"bknkh ini akibat dr adanya budaya spill di tiktok yg emg lama kelamaan ngeresahin bgt di segala bidang, dikit2 videoin. Tetangga nyapu divideoin lah, apa lah, ini skrg tenaga medis ngespill pasiennya,,,,miris bet https://t.co/gsk7xsBKRT",
232,1532227119610474496,Ozzy Pratama,,2022-06-02 05:06:27,ozzyprtma,"@mrs_kim_95 @pokonyamiripni_ @sambatterusyuk Anda bukan tenaga medis profesional, jgn sok tau.",
233,1532226929759162371,Khiara @ Homuposting 24/7,,2022-06-02 05:05:42,KhiaraMoon,"Dulu cewek lajang pasang KB, sekarang ini

Tenaga medis judgemental gini bisa bunuh orang cuma karena suudzon lho. Serius. https://t.co/BcuHJvcXAd","West Java, Indonesia"
234,1532226674099515393,Radit,,2022-06-02 05:04:41,Radityatri,@JennyJusuf Anjeeeer woooyyyyyyy bikin idup orang susah aja ya itu para tenaga medis â˜¹ï¸â˜¹ï¸â˜¹ï¸,"ÃœT: -6.9058349,107.68564"
235,1532226494650388481,F A N Y,,2022-06-02 05:03:58,anakmanusia812,"Karana keogeban 1 org, nama kampus, nama rsud, tenaga medis jadi tercorenggg
Hanya demi kontennnn
Aduhh mbk mbkkkk https://t.co/NbMe9a1Mqh","Yogyakarta, Indonesia"
236,1532224115716726785,Geis Alaztha,,2022-06-02 04:54:31,geisalaztha,"Tenaga medis yg posting ttg kegiatan di tempat kerjanya yg dirasa ga etis, itu betul salah
Begitupun dgn
Petugas keamanan yg malfungsi
Supir yg lalai
Pejabat yg korup. Sama. Itu akan â€œmembahayakanâ€ kehidupan manusia dan tidak etis","ÃœT: -6.17032,106.866063"
237,1532223880647278592,Ozzy Pratama,,2022-06-02 04:53:35,ozzyprtma,"@Aisyahziraa @callmedinduyy @pokonyamiripni_ @sambatterusyuk Itu istilah medis itu istilah medis, yang menentukan tenaga medis profesional. Bukan kalian.",
238,1532223236917776384,MJ,,2022-06-02 04:51:01,MJ28_10,"RT @sjuinz: @AREAJULID makin hari makin banyak tenaga medis(bener kan ya?) Yang apaÂ² buat konten, padahal harusnya mereka ngerti kalau profâ€¦",
239,1532219679619653632,MCR AND HXH IS BACK!,,2022-06-02 04:36:53,chocowalate,@AREAJULID Kenapa tenaga kerja medis skrg bego bego si ya kasian yang beneran kerja jadi ketutup ama tingkah tolol manusia kek gini ampun dah,personal rant account
240,1532217458614206464,Vrsh,,2022-06-02 04:28:04,Kang_BucinBra,@tanyakanrl Sebenernya kek pasti pernah lah ya sesama tenaga medis ngomongin hal kek gini. Mungkin jg jd bahan candaan sehari2 tapi yg ga masuk diotak itu ya dijadiin konten sih. Kalo lu sesama lu ya bodo amat lah yaa. Asal tau etika aja lah.,21+
241,1532214876390555648,ğ–Šğ–“ğ–Œğ–‰ğ–šğŸ‘‘,https://t.co/Y0j35lZWUI,2022-06-02 04:17:48,dwyu_,"@unisa_yogya Ini pelecehan, tolong dong dia bakal jadi tenaga medis yang nantinya banyak menangani pasien...kalau kelakuannya kayak gitu...udah deh gak ngerti lagi",YG ENTERTAINMENT
242,1532211709082882048,ğ–Šğ–“ğ–Œğ–‰ğ–šğŸ‘‘,https://t.co/Y0j35lZWUI,2022-06-02 04:05:13,dwyu_,@pindahkemars_ @unisa_yogya Takut gua kalau ada tenaga medis MODELAN gituu jijik banget,YG ENTERTAINMENT
243,1532210584032145408,âœ¡ï¸ ×¤××Ÿ ×™×•×Ÿ,https://t.co/w6gVFrld8V,2022-06-02 04:00:44,panyunsong,"https://t.co/TAfA7PcRel
Lalu, apakah pecandu narkoba bisa pulih tanpa rehabilitasi? Tentu saja tidak bisa. Pasalnya, korban penyalahguna narkoba harus melewati proses detoksifikasi yang biasanya dilakukan oleh tenaga medis yang sudah profesional dibidangnya.",Israel
244,1532210124839714816,Koramil Punggelan,,2022-06-02 03:58:55,KoramilPunggel1,Kabar Koramil*Banjarnegara Karangkobar*_ Bintara pembina desa (Babinsa) Desa Karangkobar Koramil 04/Karangkobar Kodim 0704/Banjarnegara Koptu Wahid bersama Aparat desa dan tenaga medis membantu Bapak Tunut Warga dusun Karangkobar Kulon Rt 04/05 Desa Karangkobar. https://t.co/a1n8y2xcWo,
245,1532209055921426432,Frdrilo,,2022-06-02 03:54:40,Fifirda3,"RT @sjuinz: @AREAJULID makin hari makin banyak tenaga medis(bener kan ya?) Yang apaÂ² buat konten, padahal harusnya mereka ngerti kalau profâ€¦",
246,1532208302431817728,Fariz,,2022-06-02 03:51:41,PartaiKremi,"@Abcdef72290515 @bangunnagoro @unisa_yogya Gw lebih mendorong tenaga medis untuk bersikap ramah kepada pasien seperti satpam BCA, dia itu baru mahasiswi magang dia jg tidak sedang mengilustrasikan cara memasang kateter kok, dia cuma menulis perasaan yg ada difikiranya saja, jd dinasihati sudah cukup.",
247,1532207781503442944,Yaswar,,2022-06-02 03:49:36,Yaswar14793289,"@detikHealth Waduh mana ni kode etik nya , kok mencemarkan yah nama tenaga medis ,. Parah sih nggak bisa ngomong apa"" lagi ni .
Z#z#zz##z#z#z dah lah tanggung jawab kampus bagai mana thu ğŸ¤£ğŸ¤£ğŸ¤£ğŸ¤£ğŸ¤£ https://t.co/M03yEqY0po",
248,1532206260593885184,Rutan klas IIB Baturaja,,2022-06-02 03:43:34,rutanbaturaja,"3. Dokter atau tenaga kesehatan diklinik Lapas Perempuan Palembang Kanwil Kemenkumham Sumsel bisa melakukan pelayanan intervensi medis apabila kondisi warga binaan gawat darurat. 
@Kemenkumham_RI
@kumhamsumsel
#KumhamPasti
#KumhamSumsel
#HarunSulianto","Sumatera Selatan, Indonesia"
249,1532205654668378113,Cii,,2022-06-02 03:41:09,rosiiyuliaaa,"RT @sjuinz: @AREAJULID makin hari makin banyak tenaga medis(bener kan ya?) Yang apaÂ² buat konten, padahal harusnya mereka ngerti kalau profâ€¦",hatimu
250,1532205197291704321,ğŸ‘·,,2022-06-02 03:39:20,Maintenance001,"Buat tenaga medis/kesehatan lebih berhati-hati lagi yah dalam bertindak. Jgn hnya karena niat bercanda, kerjaan kmu jadi taruhannya. ğŸ’›ğŸ’™ğŸ’›ğŸ’™ğŸ’›ğŸ’™",
251,1532202479156203520,RUTAN KELAS IIB PRABUMULIH,https://t.co/k8XRTl5am5,2022-06-02 03:28:32,Rutan_Prabu,"3. Dokter atau tenaga kesehatan diklinik Lapas Perempuan Palembang Kanwil Kemenkumham Sumsel bisa melakukan pelayanan intervensi medis apabila kondisi warga binaan gawat darurat. 
@Kemenkumham_RI
@kumhamsumsel
#KumhamPasti
#KumhamSumsel
#HarunSulianto","Prabumulih, Sumatera Selatan"
252,1532202117913423877,Gia,,2022-06-02 03:27:06,Happiness_Gia,Calon tenaga medis Indonesia kalian pada kenapa dah? https://t.co/EbIj7HnkM8,
253,1532201857614901248,grieve boyeâ„¢,https://t.co/akUK8ixq6W,2022-06-02 03:26:04,levaant,"Kerjaan jadi apapun kalo ditambahin bumbu judgemental ya memang bakalan amsyong aja udah, ga cuma jadi tenaga medis deh",
254,1532199960954867712,FN 57,,2022-06-02 03:18:32,joetjahjoe,@JennyJusuf Makin banyak tenaga medis modelan Ughty ughty cringe goblok,City Of Tolerance(?)
255,1532196928296869888,Anne,,2022-06-02 03:06:29,chwrrykiss,Kok banyak bgt sih tenaga medis yang aneh aneh https://t.co/NifzTQJ4re,
256,1532196463576752129,dimas,,2022-06-02 03:04:38,diagpaa,lagi-lagi berhubungan dengan tenaga medis https://t.co/a8UwAFg9X3,...
257,1532196399411957767,.,,2022-06-02 03:04:23,amethysdw,"RT @sjuinz: @AREAJULID makin hari makin banyak tenaga medis(bener kan ya?) Yang apaÂ² buat konten, padahal harusnya mereka ngerti kalau profâ€¦",Indonesia
258,1532192286401957888,.,,2022-06-02 02:48:02,pisangmoliiiii,"@AREAJULID liat yg gini gini aku jd tkt loh ntr pas mau lahiran, hrsnya merasa aman krn ada tenaga medis yg lebih paham tp klo gini ya gimana ğŸ˜­ğŸ˜­ğŸ˜­ğŸ˜­ ga semua emg tp kn jd kuatir ğŸ˜­ğŸ˜­ğŸ˜­",
259,1532192206051651584,âˆ,https://t.co/8m89HPb6y3,2022-06-02 02:47:43,_rozam,@masdandr @tanyakanrl Btw taunya itu anak magang sama tenaga medis profesional gimana ya? Dari pakaian terlihat sama sepertinya,
260,1532191547285835776,Rin 97'ğŸŒ¸ AUDIO KIT PINNED ğŸ“Œ,,2022-06-02 02:45:06,SundayIs_Mingyu,"Mba, mas, kalo masih baper liat pasien yg cakep mending gausah jd tenaga medis. Ngeri. https://t.co/Ve0KdCHlJE",caratland
261,1532189794599845893,ocha,,2022-06-02 02:38:08,charamelllll,"@sjuinz @AREAJULID Tenaga Kesehatan (Nakes) &amp; Tenaga Medis, semuanya punya kode etik. Ini jelas beliau melanggar kode etik. Mungkin skip mata kuliah kali ya we never know ğŸ™ŒğŸ»ğŸ˜€",
262,1532189010600206336,luvi ~ia ğŸ§‘â€ğŸ’»,,2022-06-02 02:35:01,heeluve,"Agak ngeri ya tenaga medis kaya gini ni 
Hiiih https://t.co/CdJdf7aqU1",
263,1532186740173459456,dytttt ğŸª–,,2022-06-02 02:26:00,wkiciw,"Sumpah, malu2in tenaga medis aja. Nanti nama semua tenaga medis jelek karena orang2 nggak berotak kaya kalian. Yang bikin konten sampah gini bisa ngga si dibuat jera pelaku nya??? https://t.co/UAfjsEMXqj","safe place, do no harm âœ¨"
264,1532186556772929536,Ahmad Riyandi,,2022-06-02 02:25:16,Riyan_732,"@AREAJULID Ini emang diperbolehkan dalam dunia medis dan disarankan dirahasiakan, karna harus bersifat profesional sebagai tenaga medis , tapi ini enggak seakan akan dia menikmati dan dibuat kan konten candaan tiktod.","Kota sukabumi, Jawa Barat"
265,1532186327604600832,Shaka dirgantara,,2022-06-02 02:24:21,lemperambyar,@detikcom Masih mahasiswa aja udah bikin jelek apalagi udah jadi petugas medis beneran nih orang bisa dido sekaligus diblacklist disemua RS gak sih?udah bikin jelek nama tenaga medis gara gara otak kotornya,
266,1532185301317128192,â·Stream DARLğ–§·ING,,2022-06-02 02:20:17,95zddaegu,"RT @sjuinz: @AREAJULID makin hari makin banyak tenaga medis(bener kan ya?) Yang apaÂ² buat konten, padahal harusnya mereka ngerti kalau profâ€¦",
267,1532183904685199360,âœ¨,,2022-06-02 02:14:44,mengaizvalidasi,Eummm ini kenapa ya dr kmrenn tenaga medis ada aja kelakuannya yang ga harusnya dilakuin-_- https://t.co/gSsCvSAlYL,
268,1532182187721752585,ğ›ğ®ğ¥ğšğ§ğŸŒ‘||,https://t.co/uwzfxWL57Q,2022-06-02 02:07:54,sjuinz,"@AREAJULID makin hari makin banyak tenaga medis(bener kan ya?) Yang apaÂ² buat konten, padahal harusnya mereka ngerti kalau profesi mereka itu harusnya menjaga privasi orglain, jangan semua di buat konten. Nanti kalau di tegur, klarifikasi-nangis-minta maaf. Kasihan bayinyağŸ˜­ğŸ˜­","suka jaeyong, bxb pokoknya!!"
269,1532182011863269376,Fariz,,2022-06-02 02:07:12,PartaiKremi,"@ingsunsira @bangunnagoro @unisa_yogya Hehehe...gw paling anti sama diskriminasi terhadap fisik atau personal,gw lebih tertarik ngobrolin soal tindakan dan perilaku, teguran dan nasihat bagi gw sudah cukup untuk mahasiswi itu,gw lebih sebel sama tenaga medis yg dia tidak ramah sama pasien.",
270,1532181494118371328,gatsby,,2022-06-02 02:05:09,masgemas,"@AREAJULID Orang"" sakit. Bukannya berobat malah jadi tenaga medis. Duh...","Breda, Dutch"
271,1532179286144143360,ziva,,2022-06-02 01:56:22,dorinasm,"puncak komedi ketika lo seorang tenaga medis tapi lo salah minum obat ğŸ˜
udah tau mencret bukannya minum attapulgite malah minum paraffin tolol banget orang kek gue kok bisa ada di dunia medis ya?",
272,1532173069837430784,A Certified Random Person,,2022-06-02 01:31:40,nuyichan,"@MulutJahannam @tirta_cipeng Asli, takut dikontenin walau pake samaran pasien A B C gitu, malah makin males ke dokter atau tenaga medis terkait",
273,1532170365405114368,cha,,2022-06-02 01:20:56,manjikro,Ini lebih cringe dr konten cinta-cintaan atau pov gitu ğŸ˜­ğŸ˜­ğŸ˜­ğŸ˜­ anjr ya ko bisa orang yg begini jd tenaga medis anjr. https://t.co/1rsXtzYttO,
274,1532166438076616709,ğ–Šğ–“ğ–Œğ–‰ğ–šğŸ‘‘,https://t.co/Y0j35lZWUI,2022-06-02 01:05:19,dwyu_,@unisa_yogya Lu bayangin aja TENAGA MEDIS MODELAN KEK GITUUU NGERIIII NJIR dih lu kata lu keren,YG ENTERTAINMENT
275,1532165489778036736,ğ–Šğ–“ğ–Œğ–‰ğ–šğŸ‘‘,https://t.co/Y0j35lZWUI,2022-06-02 01:01:33,dwyu_,@tanyakanrl NGERIII banget kalau tenaga medis MODELAN KEK GITU jijik,YG ENTERTAINMENT
276,1532165279140429824,GPMN_MEDIA_CENTRE,,2022-06-02 01:00:43,GpmnMedia,RT @puanmaharani_ri: Saya mengingatkan pemerintah agar terus berkoordinasi dengan WHO. Pemerintah melalui Kemenko PMK juga perlu mengoordinâ€¦,Indonesia
277,1532164590582124544,jo,,2022-06-02 00:57:59,zhaoojo,@tanyakanrl Lagian kok bisa di dunia medis ada hal sange? kalo mbaknya kuliah bener2 trus kerja profesional sbg tenaga medis ya harusnya pikiran kyk gt ga ada lah. Aneh super aneh nih orang,
278,1532161319553511424,alsh,,2022-06-02 00:44:59,aleshrav,"@unisa_yogya Udh mencoreng 2 instansi besar masih di pertahanin aja ada apa nihhhh? ?
Udh ngasih apa aja si buat rumah sakit tersebut &amp; kampusnya ??
Berbasis islam tapi cabul serem bgt seh
Orang jadi ga percaya mau ke faskes, pikiran orang kan jadi tenaga medis pada cabul.",
279,1532160596602667009,Vira!,,2022-06-02 00:42:07,panggil_vira,"@dolunaylady @msarwan99 @hiimtyaa @afrkml @AREAJULID Tu pas kasus dokter cowok aja pada teriak2 ""PELECEHAN"".

Giliran si perawat cewek? Gua heran sama cewek2 yg komen di tik tok nya malah kaya' gak masalah dan ngedukung ğŸ˜“.

Sbg sesama cewek dan tenaga medis gua gedekk bgt. Cringe bgt sumpah. Nih yg bikin VT terang2an otak ngeres. https://t.co/kFgepaTain",EARTH
280,1532159571292471296,JPNN.com,https://t.co/bouVMxnbJE,2022-06-02 00:38:02,jpnncom,"Keberadaan KKB pimpinan Kalenak Murib membuat situasi di Kabupaten Puncak Papua kacau, guru dan tenaga medis banyak yang meninggalkan tugas. #KKB https://t.co/c1XHRPltyr",Indonesia
281,1532158026232176640,Anang Prayoga,,2022-06-02 00:31:54,anangpir,"RT @JulaidiAhmad: @vectorku @PermenBuIan @RofiqohAnita @afrkml @AREAJULID Gagal paham kknya kayanya, 
Perempuan jadi tenaga medis itu ga diâ€¦",
282,1532153141046947840,Chalistamall,,2022-06-02 00:12:29,chalistamall,"#Jubahoperasi Jubah operasi
#Apdgown  Apd Gown
#surgicalgown  Surgical Gown
#Jubahoperasiterlaris 

Jubah operasi | Apd Gown

Untuk kaka tenaga medis yang butuh jubah operasi  berkualitas.

Harga super murah mulai dari 18ribuan,

Bisa klikğŸ‘‰ https://t.co/WyT8G3eiHd https://t.co/MZLRenC8nh",
283,1532149294379065344,ğ“—ğ“®ğ“¼ğ“½ğ“² ğ“ğ“°ğ“¾ğ“¼ğ“½ğ“²ğ“·ğ“ª,https://t.co/wFBZ7VZOEx,2022-06-01 23:57:12,hestagustine08,"RT @JulaidiAhmad: @vectorku @PermenBuIan @RofiqohAnita @afrkml @AREAJULID Gagal paham kknya kayanya, 
Perempuan jadi tenaga medis itu ga diâ€¦",Banjarbaru
284,1532124777229348864,sin,https://t.co/EoGULbczFc,2022-06-01 22:19:47,zulkipt,"@dayatia lama lama kalo mau dirawat sama nakes atau tenaga medis sebelum mereka nanya keluhan harus nanya dulu ""punya akun tiktot tidak""",
285,1532117856103436288,Ù‹â„›,https://t.co/od1UZomhIV,2022-06-01 21:52:16,hleepy,"@hazas__ @tanyakanrl Harusnya bisa lebih pedes lagi, kalau tenaga medis Indo modelannya banyak begini gimana masyarakat mau merasa aman dan nyaman berobat? mending dikasih sanksi tegas sekalian deh biar ga bikin nama yang lain jelek.",a lil bit selfol
286,1532060405270724608,Adil Mangkuwanita,,2022-06-01 18:03:59,Mang_Adil,"@MARQUEZ__93 @Rani_Kancana ASN juga tak sedikit, termasuk guru dan tenaga medis, terutama guru SMP dan SMA. Kabarnya di pabrik gurunya juga tak sedikit dosen yg pro HTI.",
287,1532059440601776128,life of ğ©áµ¢a,https://t.co/9bsKJwOFWN,2022-06-01 18:00:09,namkookrising,"Sumpah jijik banget sama tenaga kesehatan/medis yg kontenin bawa2 pasien gini. 

Sama halnya dg dokter obgyn yg ditugasin buat meriksa daerah kewanitaan terus spill ke sosmed dgn embel2 ""mana pasiennya cantik tapi ooopss"" like, you better get a life. Disgusting. https://t.co/L7VLqtvy22",at Gusu
288,1532052801831940098,deeâºâºáµ›,https://t.co/251GAxyRyA,2022-06-01 17:33:46,qgvrl,nah kan banyak yang terlibat dan banyak yang dirugikan termasuk si pembuat konten itu sendiri. duh ada2 aja bikin konten ga mikir dulu efek baik sampai ke buruk buat depannya. terlebih ada banyak kode etik sendiri di bidang tenaga medis kan. ya di ranah lain pun byk kode etik. https://t.co/kMEozgFuNr,Ã— she/her Ã— 
289,1532039230708277248,sugeng,https://t.co/XHGPor6obC,2022-06-01 16:39:51,seIinting,@ventiza Jijik anjing ngelihat tenaga medis ada yang kek gini... dan malah dibikin konten,he/they 17
290,1532034126382895104,ğŸ˜ºSAVIOR A to BğŸŒµê·œ,https://t.co/JOdmtQGwb3,2022-06-01 16:19:34,heny_gyuning90,"Kerja harian 12 jam dibayar 3,5jt
Syarat:
Usia dibawah 65thn
Udach pernah positive covid
Harus udach vaksin 3x
Pekerjaan merawat pasian covid di RS, gantiin popok, dll.

Saking kurangnya tenaga medis sampai buka lowongan dan singkatnya langsung full ğŸ‘.",in my dream
291,1532032699418165248,Calon Manusia,https://t.co/1F2IoZyRV1,2022-06-01 16:13:53,Mbahmuuu,"@AREAJULID Dipasang kateter memang ngilu dan agak memalukan. Tapi, mau bagaimana lagi, seperti kata Deni Caknan, ""Gusti, kula pun manut dalane"". Semestinya sebagai mahasiswi yang akan menjadi tenaga medis harus paham mengenai privasi pasien. Kalau begini, pasien bisa takut untuk berobat.",Yogyakarta
292,1532031817662230528,Veronikaaaaaaa,,2022-06-01 16:10:23,VeronikaHPR,Pelayanan RSUD Wonosari juga makin bagus. Kualitasnya tenaga medis sama RSnya makin oke,
293,1532031269793845248,sigit,,2022-06-01 16:08:13,SigitIrwanto1,"@batteryyoho @jiwoojung_ @unisa_yogya Ga cm itu, coba klo digebuk rata pasien bs aja ga percaya lg sama tenaga medis, khususnya tenaga keperawatan",Indonesia
294,1532027948189986816,Shaka dirgantara,,2022-06-01 15:55:01,lemperambyar,@dazzlinglilyy_ @AREAJULID Kalau dasarnya otaknya udah rusak mah ada aja alesannya bikin malu tenaga medis aja lu gini caranya bisa bikin orang punya pikiran jelek ama tenaga medis yang begini pecat aja udah kalau bisa diblacklist,
295,1532026225606021120,ã‚­ãƒ¢ã€‚,https://t.co/HOiqxXtY0n,2022-06-01 15:48:10,kimoocha,"Secara consent ngasih kepercayaan ke tenaga medis yaa buat penyembuhan penyakit, bukan dijadiin objek, bahan konten, apalagi buat seru seruan ğŸ¤¯",g.na 
296,1532025539623411713,ã‚­ãƒ¢ã€‚,https://t.co/HOiqxXtY0n,2022-06-01 15:45:26,kimoocha,Nanti kalo itu ortu lu baru deh yaaa gak fine fine aja. Apa ga jijik ya ngeliat tenaga medis bikin konten nafsu tentang melihat kelamin pasien? Gua sih jijik dan ngerasa ga fine fine aja. https://t.co/ZRscEtmcoW,g.na 
297,1532024211291533313,--,,2022-06-01 15:40:10,bcdeffffff,"@nitapdwl Kmungkinan besar sih iya, karna kan membawa nama baik univ dan RS kan.kasihan mahasiswa yang lain, dan ade kelas nya ga sih? Gara2 kelakuan satu orang, seuniv yang kena :( aku sebagai tenaga medis malu lihat ade mahasiswa modelan begetooooooooooo akhh ğŸ¤¦","Tuban, Indonesia"
298,1532023811222421504,Nana ğŸ±,,2022-06-01 15:38:34,uuhkamchagiiii,"@tanyakanrl walaupun nama pasien ga di sebut, ini udah salah total sih, mau di jelasin maksud dia sebenernya juga tetep gabisa dibenarkan, jadi tenaga medis itu semua privasi pasien di tinggalin di RS ga boleh di bawa/cerita ke orang orang di luar itu, apalagi ini dibawa ke platform sosialğŸ™‚",
299,1532022411578986498,ğ•®ğ–Šğ–—ğ–ğ–™ğ–†ğ•¯ğ–šğ–“ğ–ğ–†,,2022-06-01 15:33:01,HistoriDunia2,"Di RSUPN dr. Cipto Mangunkusumo ini, ribuan dokter dan tenaga medis melayani ribuan pasien dari seluruh Indonesia yang setiap hari datang ke R.S. ini. RSUPN atau dulu disebut RSCM ini merupakan pusat rujukan nasional rumah sakit pemerintah dan merupakan tempat pendidikan dokter https://t.co/pXeJK9G8NI",
300,1532022054274596869,mÃ¨llağŸ‘,https://t.co/7ZvJkCWLJH,2022-06-01 15:31:35,sibtbdazzling,"Ih sick banget sihhhh, disgusting kamu tenaga medis bilang sok profesional tapi diumbar gini https://t.co/Vemq1I6dTT",sibtbdazzling@gmail.com
301,1532021294119563264,AJ,,2022-06-01 15:28:34,JulaidiAhmad,"@vectorku @PermenBuIan @RofiqohAnita @afrkml @AREAJULID Gagal paham kknya kayanya, 
Perempuan jadi tenaga medis itu ga dilarang kak, bahkan udah ada ketika zaman Rasulullah shalallahu alaihi wasallam, yukk kak samaÂ² memperdalam belajar agama, Supaya kita ga suudzon dengan aturanÂ² agama kak ğŸ™","DKI Jakarta, Indonesia"
302,1532019330992312320,cocoa butter á´´á´¼á´¾á´± kinda ia,https://t.co/RHLIErxODg,2022-06-01 15:20:46,supermegaGN,"@AREAJULID Gua komen malah diserang warga tiktok jir, padahal emang ga seharusnya tenaga medis bikin vt ginian. Istighfar ğŸ˜­",
303,1532017892945842177,r u y i ğŸœ,https://t.co/aQ15lvwN1M,2022-06-01 15:15:03,oryoism,@huechanahceah gabisa liat orang ganteng dikit langsung sange. orng kek gini gabisa jd tenaga medis,backflow incense
304,1532014122862120960,MCHR,https://t.co/fYWGNNvSYF,2022-06-01 15:00:04,mochaar15,"Ternyata mahasiswi toh, ketauan sering cabs tiap matkul/materi kode etik perawat/tenaga medis kali yağŸ¤­ https://t.co/CfkilTj26H",Red Calm Belt
305,1532013664152461313,rinğŸŒ¸,,2022-06-01 14:58:15,ashuriinn,Di blacklist dari job Kesehatan bisa nggak sih? Ranahnya udah pelecehan ini mah ga pantes jadi tenaga medis https://t.co/OxbRc9G8Ay,hufflepuff ğŸ¦¨
306,1532013436586307589,Muhammad Gus Razaki NST.,https://t.co/4TvZchqESn,2022-06-01 14:57:21,gusrazakii,@AREAJULID Dimana dia waktu belajar kode etik sebagai tenaga medis.,"Rantauprapat, Sumatra Utara"
307,1532008785945931776,manda,,2022-06-01 14:38:52,24hrsrandom,@happytreeay @kdrama_menfess tentang para tenaga medis yg harus selametin korbanâ€ krn hbis gempa gituu,
308,1532007430510755842,Youwish,,2022-06-01 14:33:29,DalLuna20,"@MulutJahannam @tirta_cipeng Duh jangan takut dong
As tenaga medis suka pusing kalo pasien ada keluhan di daerah intim tp malah g mau buka buka-an alias malu

Jd bingung kita utk diagnosis sm terapinya",Gryffindor common room
309,1532001694808035328,Gung Candra ğŸ”¶,,2022-06-01 14:10:41,JackjacKopite,"@dazzlinglilyy_ @AREAJULID Ini mungkin kesekian kalinya saya bilang, professional sebaiknya jangan main tiktok, kalo saya ke RS dan ngeliat tenaga medis main tiktok mending saya pulang","Bali, Indonesia"
310,1532000683016089600,tcha are you,,2022-06-01 14:06:40,DeeMz29429466,"@takoyachii @AREAJULID Gila njir. Kita kan jadi parno sama tenaga medis, klo sewaktu-waktu dlm keadaan yg sama dg pasien.",
311,1531993861848850433,Mamiadoang dan 345 lainnya,,2022-06-01 13:39:34,MamiaDoang,"@arifin34533 1. Tenaga medis meng-ekspos pekerjaan, aplg pasennya.
2. Ngaku perawat trnyata msh mahasiswa.

Sebenernya bs lbh baik kl CARA penyampaiannya lbh acceptable. Tp mungkin jadinya akan kurang berdaya klikğŸ™","Kota Cirebon, Jawa Barat"
312,1531991597243453441,Layaa ğ–§·â—ğ–§·â—œğ–§·,,2022-06-01 13:30:34,kecowaloncat,"@waystar2mirror @nuicemedia Dan sebelum ada pengukuhan, seharusnya sdh paham betul tentang kewajiban serta kode etik. Melanggar privasi merupakan pelanggaran kerahasiaan korban. Sekedar panu aja seorang tenaga medis gk boleh spill ke temen deketnya.",she
313,1531986374206754816,Åœğ“¾ â˜†,,2022-06-01 13:09:49,harissusu,@tanyakanrl Macam tenaga medis profesional di Jepang gtu ya jajaja fufufu,Indonesia
314,1531970289591955456,â˜¾ in a blue moon,https://t.co/gDRL3Hblsx,2022-06-01 12:05:54,birunyayoongi,"@ughGod_ Jijik bgt asli, ga nyadar apa yaa yg dia lakuin bisa bikin org ga percaya lg sama tenaga medis. Bikin pasien kepikiran gmn kalo jd bahan omongan taunya, jd bahan gosip. Pdhl antara pasien sama tenaga media at least kudu saling percaya.",Mygs â™¡
315,1531970031172882432,à¸¢à¸¹à¸‹à¸¸à¸Ÿ Yusufi Ananta,,2022-06-01 12:04:52,yusufiananta,@andhikaputrikd Mungkin karna banyak saingan nya ya jadi susah haha.. itu kalo tenaga medis sih kayak perawat.. kalo non medis mungkin ndak seberapa yaa saingan nya..,"Malang, Indonesia"
316,1531962646647685120,â‹† Lyn,https://t.co/nXXplXc64f,2022-06-01 11:35:32,zuiivere,"pls gua di rs walaupun cuma pegawai biasa selalu diwanti"" buat jaga kerahasiaan data pasien, ini malah yg calon tenaga medis ... https://t.co/BlSL6MSWjZ",CW // Harsh words everywhere
317,1531961924505722882,ğ—ğ—®ğ—¸ğ—² ğ—”ğ—¹ğ—ºğ—²ğ—¿ğ—¼ğ˜€ ğ—š,https://t.co/07GYgWfZgL,2022-06-01 11:32:39,fckjakex,- menumbangkann prajurit Scotland. Hingga pada akhirnya tenaga medis pun kewalahan dan tidak memperhatikan tenda satunya. Jake masih saja berusaha meminta pertolongan hingga beberapa saat kemudian ia mendengar ada seseorang yang jalan mendekati dirinya. â€”,"pgbjoon, triplets "
318,1531960666575470594,Nunamee,,2022-06-01 11:27:40,TNunamy,"@AREAJULID Buat tenaga medis emang ngga tabu, salahnya mba itu dibikin konten dan yang nonton ngga cuma tenaga medis tp orang awam pun banyak yang nonton mbaee..
Walaupun gadisebut namanya tetep aja ngga sopan mba hadeeuuuuuuhğŸ˜‘",
319,1531960026142605313,kumparan,https://t.co/ixWne5lHHi,2022-06-01 11:25:07,kumparan,"KKB Kalenak Murib menebar teror kepada ASN, tenaga medis hingga guru di Kabupaten Puncak. #publisherstory https://t.co/WtxtI7TWWc",
320,1531954005869334528,eggs ğŸ’ğŸ¥,https://t.co/76azYc1GNW,2022-06-01 11:01:11,tojourspur_,"Adek perawat yang lagi magang bikin heboh, yang kena sejagat tenaga medis. Dia aja kali yang mesum dan nafsuan liat alat kelamin pasien. Sok nyama-nyamain pake acara bilang ""Aku yakin bukan aku aja"" LO AJA KALI!! GUE KAGAK!! https://t.co/9pr3JGTS0Z",SHINee World
321,1531948389998268416,Kenniro Whisky V.,https://t.co/NUD51fb1Jp,2022-06-01 10:38:53,kenniskyv,"Untuk fasilitasnya seperti sekolah pada umumnya, ada kelas yang nyaman, laboratorium yang lengkap, ruang kesenian yang luas, lapangan olahraga baik indoor dan outdoor, kemudian ruang kesehatan yang memiliki peralatan lengkap beserta tenaga medis. https://t.co/sXEGE2cPV6",S-ND
322,1531938960888344578,Chalistamall,,2022-06-01 10:01:24,chalistamall,"#Jubahoperasi Jubah operasi
#Apdgown  Apd Gown
#surgicalgown  Surgical Gown
#Jubahoperasiterlaris 

Jubah operasi | Apd Gown | Surgical Gown | Jubah operasi terlaris | Chalista Mall 

Untuk kaka tenaga medis yang butuh jubah operasi  berkualitas

klikğŸ‘‰ https://t.co/WyT8G3vlJd https://t.co/cL6M64VJY8",
323,1531937409600204801,Rizkidh,,2022-06-01 09:55:15,rizki_mizuki,ğŸ¤®ğŸ¤® tenaga medis begini https://t.co/lwGGGdIKmK,solobaru
324,1531935593428529157,Kusuma Loka,https://t.co/wj6PAgLKJu,2022-06-01 09:48:02,kusuma_loka,"@tanmilgib @nuicemedia Yg bener apa mbak jadinya?.

Tp asli ngeri kalau ada tenaga medis yg ngmg gitu ke publik. Sekarang akunnya digembok","Lampung, JKT, BDG"
325,1531934186579169280,ceceğŸ‚,https://t.co/JC2RtHXNBx,2022-06-01 09:42:26,ccamxc,"@ge_mi888 @nutrisari_mango @masdandr @tanyakanrl kalo maksud mba nutrisari adalah nakes secara umum itu sudah benar, tenaga medis kan sebutan golongan yg diperkecil lagi. kecuali mba nutrisari bilang medis/paramedis itu beda artian",Borneo
326,1531931873370251264,Rhendy,,2022-06-01 09:33:15,RhendyW,"@bertistuta @Santosoagusbkt @mrshananto Setuju om. Beliau ini ternyata mhsw keperawatan. Mungkin stasenya pindah2. Apapun  tindakan medisnya, jika dilakukan oleh tenaga medis yg tidak etis, malesin juga.",Jakarta
327,1531931793296830464,Ge-mi,,2022-06-01 09:32:56,ge_mi888,"@nutrisari_mango @masdandr @tanyakanrl Sorry ralat ya kak, buat sharing aja, ga maksud menggurui. Dokter &amp; dokter gigi masuknya tenaga medis sekarang, lalu bidan, perawat, apoteker, dll yang tenaga kesehatan.

(Ga ada yang lebih baik, lebih buruk, atau lebih berperan ya. Semua saling bahu-membahu membantu pasienâ¤ï¸)","she/her, 21+"
328,1531920794321707008,ğŸŒŸ,,2022-06-01 08:49:13,vlnerasanentur,"@AREAJULID Kode etiknya loh, kode etiknyaaa ğŸ˜«. Gue kalo dapat tenaga medis macem elu. Bakalan kena mental jir. https://t.co/ywcy6AaQn5",
329,1531920725174431749,kang_nk,,2022-06-01 08:48:57,EnkaDhee,"@afrkml jadi, apakah dokter &amp; tenaga medis jg dibekali ilmu mengenal jenis2 ular?","Sleman, Indonesia"
330,1531919197814784000,Ndah,https://t.co/rqzv4uk64P,2022-06-01 08:42:53,ndahdien,"Ketika tenaga medis menjadikan pasien sebagai konten, sudah sebaiknya diberi peringatan/hukuman bakan pemecatan. Hukuman di timeline apa membuat jera? Jangan2 malah seneng, traffick nya naik ğŸ˜¤",Indonesia
